<Anims>
 <anim name="BUILD_90s" root="swap" numframes="1000" framerate="40">
  <frame idx="0" w="848" h="976" x="-336.746735" y="-321.762146">
   <element name="spear4" layername="spear4" frame="0" z_index="0" m_a="1.000000" m_b="0.000000" m_c="0.000000" m_d="1.000000" m_tx="187.000000" m_ty="175.000000"/>
   <element name="spear3" layername="spear3" frame="0" z_index="1" m_a="1.000000" m_b="0.000000" m_c="0.000000" m_d="1.000000" m_tx="46.000000" m_ty="158.000000"/>
   <element name="spear2" layername="spear2" frame="0" z_index="2" m_a="1.000000" m_b="0.000000" m_c="0.000000" m_d="1.000000" m_tx="-131.000000" m_ty="167.000000"/>
   <element name="spear1" layername="spea" frame="0" z_index="3" m_a="1.000000" m_b="0.000000" m_c="0.000000" m_d="1.000000" m_tx="-275.000000" m_ty="140.000000"/>
   <element name="axe5" layername="axe5" frame="0" z_index="4" m_a="1.000000" m_b="0.000000" m_c="0.000000" m_d="1.000000" m_tx="272.000000" m_ty="-165.000000"/>
   <element name="axe4" layername="axe4" frame="0" z_index="5" m_a="1.000000" m_b="0.000000" m_c="0.000000" m_d="1.000000" m_tx="127.000000" m_ty="-158.000000"/>
   <element name="axe3" layername="axe3" frame="0" z_index="6" m_a="1.000000" m_b="0.000000" m_c="0.000000" m_d="1.000000" m_tx="-3.000000" m_ty="-169.000000"/>
   <element name="axe2" layername="axe2" frame="0" z_index="7" m_a="1.000000" m_b="0.000000" m_c="0.000000" m_d="1.000000" m_tx="-147.000000" m_ty="-177.000000"/>
   <element name="axe1" layername="ax" frame="0" z_index="8" m_a="1.000000" m_b="0.000000" m_c="0.000000" m_d="1.000000" m_tx="-310.000000" m_ty="-176.000000"/>
  </frame>
  <frame idx="25" w="848" h="976" x="-336.746735" y="-321.762146">
   <element name="spear4" layername="spear4" frame="0" z_index="0" m_a="1.000000" m_b="0.000000" m_c="0.000000" m_d="1.000000" m_tx="187.000000" m_ty="175.000000"/>
   <element name="spear3" layername="spear3" frame="0" z_index="1" m_a="1.000000" m_b="0.000000" m_c="0.000000" m_d="1.000000" m_tx="46.000000" m_ty="158.000000"/>
   <element name="spear2" layername="spear2" frame="0" z_index="2" m_a="1.000000" m_b="0.000000" m_c="0.000000" m_d="1.000000" m_tx="-131.000000" m_ty="167.000000"/>
   <element name="spear1" layername="spea" frame="0" z_index="3" m_a="1.000000" m_b="0.000000" m_c="0.000000" m_d="1.000000" m_tx="-275.000000" m_ty="140.000000"/>
   <element name="axe5" layername="axe5" frame="0" z_index="4" m_a="1.000000" m_b="0.000000" m_c="0.000000" m_d="1.000000" m_tx="272.000000" m_ty="-165.000000"/>
   <element name="axe4" layername="axe4" frame="0" z_index="5" m_a="1.000000" m_b="0.000000" m_c="0.000000" m_d="1.000000" m_tx="127.000000" m_ty="-158.000000"/>
   <element name="axe3" layername="axe3" frame="0" z_index="6" m_a="1.000000" m_b="0.000000" m_c="0.000000" m_d="1.000000" m_tx="-3.000000" m_ty="-169.000000"/>
   <element name="axe2" layername="axe2" frame="0" z_index="7" m_a="1.000000" m_b="0.000000" m_c="0.000000" m_d="1.000000" m_tx="-147.000000" m_ty="-177.000000"/>
   <element name="axe1" layername="ax" frame="0" z_index="8" m_a="1.000000" m_b="0.000000" m_c="0.000000" m_d="1.000000" m_tx="-310.000000" m_ty="-176.000000"/>
  </frame>
  <frame idx="50" w="848" h="976" x="-336.746735" y="-321.762146">
   <element name="spear4" layername="spear4" frame="0" z_index="0" m_a="1.000000" m_b="0.000000" m_c="0.000000" m_d="1.000000" m_tx="187.000000" m_ty="175.000000"/>
   <element name="spear3" layername="spear3" frame="0" z_index="1" m_a="1.000000" m_b="0.000000" m_c="0.000000" m_d="1.000000" m_tx="46.000000" m_ty="158.000000"/>
   <element name="spear2" layername="spear2" frame="0" z_index="2" m_a="1.000000" m_b="0.000000" m_c="0.000000" m_d="1.000000" m_tx="-131.000000" m_ty="167.000000"/>
   <element name="spear1" layername="spea" frame="0" z_index="3" m_a="1.000000" m_b="0.000000" m_c="0.000000" m_d="1.000000" m_tx="-275.000000" m_ty="140.000000"/>
   <element name="axe5" layername="axe5" frame="0" z_index="4" m_a="1.000000" m_b="0.000000" m_c="0.000000" m_d="1.000000" m_tx="272.000000" m_ty="-165.000000"/>
   <element name="axe4" layername="axe4" frame="0" z_index="5" m_a="1.000000" m_b="0.000000" m_c="0.000000" m_d="1.000000" m_tx="127.000000" m_ty="-158.000000"/>
   <element name="axe3" layername="axe3" frame="0" z_index="6" m_a="1.000000" m_b="0.000000" m_c="0.000000" m_d="1.000000" m_tx="-3.000000" m_ty="-169.000000"/>
   <element name="axe2" layername="axe2" frame="0" z_index="7" m_a="1.000000" m_b="0.000000" m_c="0.000000" m_d="1.000000" m_tx="-147.000000" m_ty="-177.000000"/>
   <element name="axe1" layername="ax" frame="0" z_index="8" m_a="1.000000" m_b="0.000000" m_c="0.000000" m_d="1.000000" m_tx="-310.000000" m_ty="-176.000000"/>
  </frame>
  <frame idx="75" w="848" h="976" x="-336.746735" y="-321.762146">
   <element name="spear4" layername="spear4" frame="0" z_index="0" m_a="1.000000" m_b="0.000000" m_c="0.000000" m_d="1.000000" m_tx="187.000000" m_ty="175.000000"/>
   <element name="spear3" layername="spear3" frame="0" z_index="1" m_a="1.000000" m_b="0.000000" m_c="0.000000" m_d="1.000000" m_tx="46.000000" m_ty="158.000000"/>
   <element name="spear2" layername="spear2" frame="0" z_index="2" m_a="1.000000" m_b="0.000000" m_c="0.000000" m_d="1.000000" m_tx="-131.000000" m_ty="167.000000"/>
   <element name="spear1" layername="spea" frame="0" z_index="3" m_a="1.000000" m_b="0.000000" m_c="0.000000" m_d="1.000000" m_tx="-275.000000" m_ty="140.000000"/>
   <element name="axe5" layername="axe5" frame="0" z_index="4" m_a="1.000000" m_b="0.000000" m_c="0.000000" m_d="1.000000" m_tx="272.000000" m_ty="-165.000000"/>
   <element name="axe4" layername="axe4" frame="0" z_index="5" m_a="1.000000" m_b="0.000000" m_c="0.000000" m_d="1.000000" m_tx="127.000000" m_ty="-158.000000"/>
   <element name="axe3" layername="axe3" frame="0" z_index="6" m_a="1.000000" m_b="0.000000" m_c="0.000000" m_d="1.000000" m_tx="-3.000000" m_ty="-169.000000"/>
   <element name="axe2" layername="axe2" frame="0" z_index="7" m_a="1.000000" m_b="0.000000" m_c="0.000000" m_d="1.000000" m_tx="-147.000000" m_ty="-177.000000"/>
   <element name="axe1" layername="ax" frame="0" z_index="8" m_a="1.000000" m_b="0.000000" m_c="0.000000" m_d="1.000000" m_tx="-310.000000" m_ty="-176.000000"/>
  </frame>
  <frame idx="100" w="848" h="976" x="-336.746735" y="-321.762146">
   <element name="spear4" layername="spear4" frame="0" z_index="0" m_a="1.000000" m_b="0.000000" m_c="0.000000" m_d="1.000000" m_tx="187.000000" m_ty="175.000000"/>
   <element name="spear3" layername="spear3" frame="0" z_index="1" m_a="1.000000" m_b="0.000000" m_c="0.000000" m_d="1.000000" m_tx="46.000000" m_ty="158.000000"/>
   <element name="spear2" layername="spear2" frame="0" z_index="2" m_a="1.000000" m_b="0.000000" m_c="0.000000" m_d="1.000000" m_tx="-131.000000" m_ty="167.000000"/>
   <element name="spear1" layername="spea" frame="0" z_index="3" m_a="1.000000" m_b="0.000000" m_c="0.000000" m_d="1.000000" m_tx="-275.000000" m_ty="140.000000"/>
   <element name="axe5" layername="axe5" frame="0" z_index="4" m_a="1.000000" m_b="0.000000" m_c="0.000000" m_d="1.000000" m_tx="272.000000" m_ty="-165.000000"/>
   <element name="axe4" layername="axe4" frame="0" z_index="5" m_a="1.000000" m_b="0.000000" m_c="0.000000" m_d="1.000000" m_tx="127.000000" m_ty="-158.000000"/>
   <element name="axe3" layername="axe3" frame="0" z_index="6" m_a="1.000000" m_b="0.000000" m_c="0.000000" m_d="1.000000" m_tx="-3.000000" m_ty="-169.000000"/>
   <element name="axe2" layername="axe2" frame="0" z_index="7" m_a="1.000000" m_b="0.000000" m_c="0.000000" m_d="1.000000" m_tx="-147.000000" m_ty="-177.000000"/>
   <element name="axe1" layername="ax" frame="0" z_index="8" m_a="1.000000" m_b="0.000000" m_c="0.000000" m_d="1.000000" m_tx="-310.000000" m_ty="-176.000000"/>
  </frame>
  <frame idx="125" w="848" h="976" x="-336.746735" y="-321.762146">
   <element name="spear4" layername="spear4" frame="0" z_index="0" m_a="1.000000" m_b="0.000000" m_c="0.000000" m_d="1.000000" m_tx="187.000000" m_ty="175.000000"/>
   <element name="spear3" layername="spear3" frame="0" z_index="1" m_a="1.000000" m_b="0.000000" m_c="0.000000" m_d="1.000000" m_tx="46.000000" m_ty="158.000000"/>
   <element name="spear2" layername="spear2" frame="0" z_index="2" m_a="1.000000" m_b="0.000000" m_c="0.000000" m_d="1.000000" m_tx="-131.000000" m_ty="167.000000"/>
   <element name="spear1" layername="spea" frame="0" z_index="3" m_a="1.000000" m_b="0.000000" m_c="0.000000" m_d="1.000000" m_tx="-275.000000" m_ty="140.000000"/>
   <element name="axe5" layername="axe5" frame="0" z_index="4" m_a="1.000000" m_b="0.000000" m_c="0.000000" m_d="1.000000" m_tx="272.000000" m_ty="-165.000000"/>
   <element name="axe4" layername="axe4" frame="0" z_index="5" m_a="1.000000" m_b="0.000000" m_c="0.000000" m_d="1.000000" m_tx="127.000000" m_ty="-158.000000"/>
   <element name="axe3" layername="axe3" frame="0" z_index="6" m_a="1.000000" m_b="0.000000" m_c="0.000000" m_d="1.000000" m_tx="-3.000000" m_ty="-169.000000"/>
   <element name="axe2" layername="axe2" frame="0" z_index="7" m_a="1.000000" m_b="0.000000" m_c="0.000000" m_d="1.000000" m_tx="-147.000000" m_ty="-177.000000"/>
   <element name="axe1" layername="ax" frame="0" z_index="8" m_a="1.000000" m_b="0.000000" m_c="0.000000" m_d="1.000000" m_tx="-310.000000" m_ty="-176.000000"/>
  </frame>
  <frame idx="150" w="848" h="976" x="-336.746735" y="-321.762146">
   <element name="spear4" layername="spear4" frame="0" z_index="0" m_a="1.000000" m_b="0.000000" m_c="0.000000" m_d="1.000000" m_tx="187.000000" m_ty="175.000000"/>
   <element name="spear3" layername="spear3" frame="0" z_index="1" m_a="1.000000" m_b="0.000000" m_c="0.000000" m_d="1.000000" m_tx="46.000000" m_ty="158.000000"/>
   <element name="spear2" layername="spear2" frame="0" z_index="2" m_a="1.000000" m_b="0.000000" m_c="0.000000" m_d="1.000000" m_tx="-131.000000" m_ty="167.000000"/>
   <element name="spear1" layername="spea" frame="0" z_index="3" m_a="1.000000" m_b="0.000000" m_c="0.000000" m_d="1.000000" m_tx="-275.000000" m_ty="140.000000"/>
   <element name="axe5" layername="axe5" frame="0" z_index="4" m_a="1.000000" m_b="0.000000" m_c="0.000000" m_d="1.000000" m_tx="272.000000" m_ty="-165.000000"/>
   <element name="axe4" layername="axe4" frame="0" z_index="5" m_a="1.000000" m_b="0.000000" m_c="0.000000" m_d="1.000000" m_tx="127.000000" m_ty="-158.000000"/>
   <element name="axe3" layername="axe3" frame="0" z_index="6" m_a="1.000000" m_b="0.000000" m_c="0.000000" m_d="1.000000" m_tx="-3.000000" m_ty="-169.000000"/>
   <element name="axe2" layername="axe2" frame="0" z_index="7" m_a="1.000000" m_b="0.000000" m_c="0.000000" m_d="1.000000" m_tx="-147.000000" m_ty="-177.000000"/>
   <element name="axe1" layername="ax" frame="0" z_index="8" m_a="1.000000" m_b="0.000000" m_c="0.000000" m_d="1.000000" m_tx="-310.000000" m_ty="-176.000000"/>
  </frame>
  <frame idx="175" w="848" h="976" x="-336.746735" y="-321.762146">
   <element name="spear4" layername="spear4" frame="0" z_index="0" m_a="1.000000" m_b="0.000000" m_c="0.000000" m_d="1.000000" m_tx="187.000000" m_ty="175.000000"/>
   <element name="spear3" layername="spear3" frame="0" z_index="1" m_a="1.000000" m_b="0.000000" m_c="0.000000" m_d="1.000000" m_tx="46.000000" m_ty="158.000000"/>
   <element name="spear2" layername="spear2" frame="0" z_index="2" m_a="1.000000" m_b="0.000000" m_c="0.000000" m_d="1.000000" m_tx="-131.000000" m_ty="167.000000"/>
   <element name="spear1" layername="spea" frame="0" z_index="3" m_a="1.000000" m_b="0.000000" m_c="0.000000" m_d="1.000000" m_tx="-275.000000" m_ty="140.000000"/>
   <element name="axe5" layername="axe5" frame="0" z_index="4" m_a="1.000000" m_b="0.000000" m_c="0.000000" m_d="1.000000" m_tx="272.000000" m_ty="-165.000000"/>
   <element name="axe4" layername="axe4" frame="0" z_index="5" m_a="1.000000" m_b="0.000000" m_c="0.000000" m_d="1.000000" m_tx="127.000000" m_ty="-158.000000"/>
   <element name="axe3" layername="axe3" frame="0" z_index="6" m_a="1.000000" m_b="0.000000" m_c="0.000000" m_d="1.000000" m_tx="-3.000000" m_ty="-169.000000"/>
   <element name="axe2" layername="axe2" frame="0" z_index="7" m_a="1.000000" m_b="0.000000" m_c="0.000000" m_d="1.000000" m_tx="-147.000000" m_ty="-177.000000"/>
   <element name="axe1" layername="ax" frame="0" z_index="8" m_a="1.000000" m_b="0.000000" m_c="0.000000" m_d="1.000000" m_tx="-310.000000" m_ty="-176.000000"/>
  </frame>
  <frame idx="200" w="848" h="976" x="-336.746735" y="-321.762146">
   <element name="spear4" layername="spear4" frame="0" z_index="0" m_a="1.000000" m_b="0.000000" m_c="0.000000" m_d="1.000000" m_tx="187.000000" m_ty="175.000000"/>
   <element name="spear3" layername="spear3" frame="0" z_index="1" m_a="1.000000" m_b="0.000000" m_c="0.000000" m_d="1.000000" m_tx="46.000000" m_ty="158.000000"/>
   <element name="spear2" layername="spear2" frame="0" z_index="2" m_a="1.000000" m_b="0.000000" m_c="0.000000" m_d="1.000000" m_tx="-131.000000" m_ty="167.000000"/>
   <element name="spear1" layername="spea" frame="0" z_index="3" m_a="1.000000" m_b="0.000000" m_c="0.000000" m_d="1.000000" m_tx="-275.000000" m_ty="140.000000"/>
   <element name="axe5" layername="axe5" frame="0" z_index="4" m_a="1.000000" m_b="0.000000" m_c="0.000000" m_d="1.000000" m_tx="272.000000" m_ty="-165.000000"/>
   <element name="axe4" layername="axe4" frame="0" z_index="5" m_a="1.000000" m_b="0.000000" m_c="0.000000" m_d="1.000000" m_tx="127.000000" m_ty="-158.000000"/>
   <element name="axe3" layername="axe3" frame="0" z_index="6" m_a="1.000000" m_b="0.000000" m_c="0.000000" m_d="1.000000" m_tx="-3.000000" m_ty="-169.000000"/>
   <element name="axe2" layername="axe2" frame="0" z_index="7" m_a="1.000000" m_b="0.000000" m_c="0.000000" m_d="1.000000" m_tx="-147.000000" m_ty="-177.000000"/>
   <element name="axe1" layername="ax" frame="0" z_index="8" m_a="1.000000" m_b="0.000000" m_c="0.000000" m_d="1.000000" m_tx="-310.000000" m_ty="-176.000000"/>
  </frame>
  <frame idx="225" w="848" h="976" x="-336.746735" y="-321.762146">
   <element name="spear4" layername="spear4" frame="0" z_index="0" m_a="1.000000" m_b="0.000000" m_c="0.000000" m_d="1.000000" m_tx="187.000000" m_ty="175.000000"/>
   <element name="spear3" layername="spear3" frame="0" z_index="1" m_a="1.000000" m_b="0.000000" m_c="0.000000" m_d="1.000000" m_tx="46.000000" m_ty="158.000000"/>
   <element name="spear2" layername="spear2" frame="0" z_index="2" m_a="1.000000" m_b="0.000000" m_c="0.000000" m_d="1.000000" m_tx="-131.000000" m_ty="167.000000"/>
   <element name="spear1" layername="spea" frame="0" z_index="3" m_a="1.000000" m_b="0.000000" m_c="0.000000" m_d="1.000000" m_tx="-275.000000" m_ty="140.000000"/>
   <element name="axe5" layername="axe5" frame="0" z_index="4" m_a="1.000000" m_b="0.000000" m_c="0.000000" m_d="1.000000" m_tx="272.000000" m_ty="-165.000000"/>
   <element name="axe4" layername="axe4" frame="0" z_index="5" m_a="1.000000" m_b="0.000000" m_c="0.000000" m_d="1.000000" m_tx="127.000000" m_ty="-158.000000"/>
   <element name="axe3" layername="axe3" frame="0" z_index="6" m_a="1.000000" m_b="0.000000" m_c="0.000000" m_d="1.000000" m_tx="-3.000000" m_ty="-169.000000"/>
   <element name="axe2" layername="axe2" frame="0" z_index="7" m_a="1.000000" m_b="0.000000" m_c="0.000000" m_d="1.000000" m_tx="-147.000000" m_ty="-177.000000"/>
   <element name="axe1" layername="ax" frame="0" z_index="8" m_a="1.000000" m_b="0.000000" m_c="0.000000" m_d="1.000000" m_tx="-310.000000" m_ty="-176.000000"/>
  </frame>
  <frame idx="250" w="848" h="976" x="-336.746735" y="-321.762146">
   <element name="spear4" layername="spear4" frame="0" z_index="0" m_a="1.000000" m_b="0.000000" m_c="0.000000" m_d="1.000000" m_tx="187.000000" m_ty="175.000000"/>
   <element name="spear3" layername="spear3" frame="0" z_index="1" m_a="1.000000" m_b="0.000000" m_c="0.000000" m_d="1.000000" m_tx="46.000000" m_ty="158.000000"/>
   <element name="spear2" layername="spear2" frame="0" z_index="2" m_a="1.000000" m_b="0.000000" m_c="0.000000" m_d="1.000000" m_tx="-131.000000" m_ty="167.000000"/>
   <element name="spear1" layername="spea" frame="0" z_index="3" m_a="1.000000" m_b="0.000000" m_c="0.000000" m_d="1.000000" m_tx="-275.000000" m_ty="140.000000"/>
   <element name="axe5" layername="axe5" frame="0" z_index="4" m_a="1.000000" m_b="0.000000" m_c="0.000000" m_d="1.000000" m_tx="272.000000" m_ty="-165.000000"/>
   <element name="axe4" layername="axe4" frame="0" z_index="5" m_a="1.000000" m_b="0.000000" m_c="0.000000" m_d="1.000000" m_tx="127.000000" m_ty="-158.000000"/>
   <element name="axe3" layername="axe3" frame="0" z_index="6" m_a="1.000000" m_b="0.000000" m_c="0.000000" m_d="1.000000" m_tx="-3.000000" m_ty="-169.000000"/>
   <element name="axe2" layername="axe2" frame="0" z_index="7" m_a="1.000000" m_b="0.000000" m_c="0.000000" m_d="1.000000" m_tx="-147.000000" m_ty="-177.000000"/>
   <element name="axe1" layername="ax" frame="0" z_index="8" m_a="1.000000" m_b="0.000000" m_c="0.000000" m_d="1.000000" m_tx="-310.000000" m_ty="-176.000000"/>
  </frame>
  <frame idx="275" w="848" h="976" x="-336.746735" y="-321.762146">
   <element name="spear4" layername="spear4" frame="0" z_index="0" m_a="1.000000" m_b="0.000000" m_c="0.000000" m_d="1.000000" m_tx="187.000000" m_ty="175.000000"/>
   <element name="spear3" layername="spear3" frame="0" z_index="1" m_a="1.000000" m_b="0.000000" m_c="0.000000" m_d="1.000000" m_tx="46.000000" m_ty="158.000000"/>
   <element name="spear2" layername="spear2" frame="0" z_index="2" m_a="1.000000" m_b="0.000000" m_c="0.000000" m_d="1.000000" m_tx="-131.000000" m_ty="167.000000"/>
   <element name="spear1" layername="spea" frame="0" z_index="3" m_a="1.000000" m_b="0.000000" m_c="0.000000" m_d="1.000000" m_tx="-275.000000" m_ty="140.000000"/>
   <element name="axe5" layername="axe5" frame="0" z_index="4" m_a="1.000000" m_b="0.000000" m_c="0.000000" m_d="1.000000" m_tx="272.000000" m_ty="-165.000000"/>
   <element name="axe4" layername="axe4" frame="0" z_index="5" m_a="1.000000" m_b="0.000000" m_c="0.000000" m_d="1.000000" m_tx="127.000000" m_ty="-158.000000"/>
   <element name="axe3" layername="axe3" frame="0" z_index="6" m_a="1.000000" m_b="0.000000" m_c="0.000000" m_d="1.000000" m_tx="-3.000000" m_ty="-169.000000"/>
   <element name="axe2" layername="axe2" frame="0" z_index="7" m_a="1.000000" m_b="0.000000" m_c="0.000000" m_d="1.000000" m_tx="-147.000000" m_ty="-177.000000"/>
   <element name="axe1" layername="ax" frame="0" z_index="8" m_a="1.000000" m_b="0.000000" m_c="0.000000" m_d="1.000000" m_tx="-310.000000" m_ty="-176.000000"/>
  </frame>
  <frame idx="300" w="848" h="976" x="-336.746735" y="-321.762146">
   <element name="spear4" layername="spear4" frame="0" z_index="0" m_a="1.000000" m_b="0.000000" m_c="0.000000" m_d="1.000000" m_tx="187.000000" m_ty="175.000000"/>
   <element name="spear3" layername="spear3" frame="0" z_index="1" m_a="1.000000" m_b="0.000000" m_c="0.000000" m_d="1.000000" m_tx="46.000000" m_ty="158.000000"/>
   <element name="spear2" layername="spear2" frame="0" z_index="2" m_a="1.000000" m_b="0.000000" m_c="0.000000" m_d="1.000000" m_tx="-131.000000" m_ty="167.000000"/>
   <element name="spear1" layername="spea" frame="0" z_index="3" m_a="1.000000" m_b="0.000000" m_c="0.000000" m_d="1.000000" m_tx="-275.000000" m_ty="140.000000"/>
   <element name="axe5" layername="axe5" frame="0" z_index="4" m_a="1.000000" m_b="0.000000" m_c="0.000000" m_d="1.000000" m_tx="272.000000" m_ty="-165.000000"/>
   <element name="axe4" layername="axe4" frame="0" z_index="5" m_a="1.000000" m_b="0.000000" m_c="0.000000" m_d="1.000000" m_tx="127.000000" m_ty="-158.000000"/>
   <element name="axe3" layername="axe3" frame="0" z_index="6" m_a="1.000000" m_b="0.000000" m_c="0.000000" m_d="1.000000" m_tx="-3.000000" m_ty="-169.000000"/>
   <element name="axe2" layername="axe2" frame="0" z_index="7" m_a="1.000000" m_b="0.000000" m_c="0.000000" m_d="1.000000" m_tx="-147.000000" m_ty="-177.000000"/>
   <element name="axe1" layername="ax" frame="0" z_index="8" m_a="1.000000" m_b="0.000000" m_c="0.000000" m_d="1.000000" m_tx="-310.000000" m_ty="-176.000000"/>
  </frame>
  <frame idx="325" w="848" h="976" x="-336.746735" y="-321.762146">
   <element name="spear4" layername="spear4" frame="0" z_index="0" m_a="1.000000" m_b="0.000000" m_c="0.000000" m_d="1.000000" m_tx="187.000000" m_ty="175.000000"/>
   <element name="spear3" layername="spear3" frame="0" z_index="1" m_a="1.000000" m_b="0.000000" m_c="0.000000" m_d="1.000000" m_tx="46.000000" m_ty="158.000000"/>
   <element name="spear2" layername="spear2" frame="0" z_index="2" m_a="1.000000" m_b="0.000000" m_c="0.000000" m_d="1.000000" m_tx="-131.000000" m_ty="167.000000"/>
   <element name="spear1" layername="spea" frame="0" z_index="3" m_a="1.000000" m_b="0.000000" m_c="0.000000" m_d="1.000000" m_tx="-275.000000" m_ty="140.000000"/>
   <element name="axe5" layername="axe5" frame="0" z_index="4" m_a="1.000000" m_b="0.000000" m_c="0.000000" m_d="1.000000" m_tx="272.000000" m_ty="-165.000000"/>
   <element name="axe4" layername="axe4" frame="0" z_index="5" m_a="1.000000" m_b="0.000000" m_c="0.000000" m_d="1.000000" m_tx="127.000000" m_ty="-158.000000"/>
   <element name="axe3" layername="axe3" frame="0" z_index="6" m_a="1.000000" m_b="0.000000" m_c="0.000000" m_d="1.000000" m_tx="-3.000000" m_ty="-169.000000"/>
   <element name="axe2" layername="axe2" frame="0" z_index="7" m_a="1.000000" m_b="0.000000" m_c="0.000000" m_d="1.000000" m_tx="-147.000000" m_ty="-177.000000"/>
   <element name="axe1" layername="ax" frame="0" z_index="8" m_a="1.000000" m_b="0.000000" m_c="0.000000" m_d="1.000000" m_tx="-310.000000" m_ty="-176.000000"/>
  </frame>
  <frame idx="350" w="848" h="976" x="-336.746735" y="-321.762146">
   <element name="spear4" layername="spear4" frame="0" z_index="0" m_a="1.000000" m_b="0.000000" m_c="0.000000" m_d="1.000000" m_tx="187.000000" m_ty="175.000000"/>
   <element name="spear3" layername="spear3" frame="0" z_index="1" m_a="1.000000" m_b="0.000000" m_c="0.000000" m_d="1.000000" m_tx="46.000000" m_ty="158.000000"/>
   <element name="spear2" layername="spear2" frame="0" z_index="2" m_a="1.000000" m_b="0.000000" m_c="0.000000" m_d="1.000000" m_tx="-131.000000" m_ty="167.000000"/>
   <element name="spear1" layername="spea" frame="0" z_index="3" m_a="1.000000" m_b="0.000000" m_c="0.000000" m_d="1.000000" m_tx="-275.000000" m_ty="140.000000"/>
   <element name="axe5" layername="axe5" frame="0" z_index="4" m_a="1.000000" m_b="0.000000" m_c="0.000000" m_d="1.000000" m_tx="272.000000" m_ty="-165.000000"/>
   <element name="axe4" layername="axe4" frame="0" z_index="5" m_a="1.000000" m_b="0.000000" m_c="0.000000" m_d="1.000000" m_tx="127.000000" m_ty="-158.000000"/>
   <element name="axe3" layername="axe3" frame="0" z_index="6" m_a="1.000000" m_b="0.000000" m_c="0.000000" m_d="1.000000" m_tx="-3.000000" m_ty="-169.000000"/>
   <element name="axe2" layername="axe2" frame="0" z_index="7" m_a="1.000000" m_b="0.000000" m_c="0.000000" m_d="1.000000" m_tx="-147.000000" m_ty="-177.000000"/>
   <element name="axe1" layername="ax" frame="0" z_index="8" m_a="1.000000" m_b="0.000000" m_c="0.000000" m_d="1.000000" m_tx="-310.000000" m_ty="-176.000000"/>
  </frame>
  <frame idx="375" w="848" h="976" x="-336.746735" y="-321.762146">
   <element name="spear4" layername="spear4" frame="0" z_index="0" m_a="1.000000" m_b="0.000000" m_c="0.000000" m_d="1.000000" m_tx="187.000000" m_ty="175.000000"/>
   <element name="spear3" layername="spear3" frame="0" z_index="1" m_a="1.000000" m_b="0.000000" m_c="0.000000" m_d="1.000000" m_tx="46.000000" m_ty="158.000000"/>
   <element name="spear2" layername="spear2" frame="0" z_index="2" m_a="1.000000" m_b="0.000000" m_c="0.000000" m_d="1.000000" m_tx="-131.000000" m_ty="167.000000"/>
   <element name="spear1" layername="spea" frame="0" z_index="3" m_a="1.000000" m_b="0.000000" m_c="0.000000" m_d="1.000000" m_tx="-275.000000" m_ty="140.000000"/>
   <element name="axe5" layername="axe5" frame="0" z_index="4" m_a="1.000000" m_b="0.000000" m_c="0.000000" m_d="1.000000" m_tx="272.000000" m_ty="-165.000000"/>
   <element name="axe4" layername="axe4" frame="0" z_index="5" m_a="1.000000" m_b="0.000000" m_c="0.000000" m_d="1.000000" m_tx="127.000000" m_ty="-158.000000"/>
   <element name="axe3" layername="axe3" frame="0" z_index="6" m_a="1.000000" m_b="0.000000" m_c="0.000000" m_d="1.000000" m_tx="-3.000000" m_ty="-169.000000"/>
   <element name="axe2" layername="axe2" frame="0" z_index="7" m_a="1.000000" m_b="0.000000" m_c="0.000000" m_d="1.000000" m_tx="-147.000000" m_ty="-177.000000"/>
   <element name="axe1" layername="ax" frame="0" z_index="8" m_a="1.000000" m_b="0.000000" m_c="0.000000" m_d="1.000000" m_tx="-310.000000" m_ty="-176.000000"/>
  </frame>
  <frame idx="400" w="848" h="976" x="-336.746735" y="-321.762146">
   <element name="spear4" layername="spear4" frame="0" z_index="0" m_a="1.000000" m_b="0.000000" m_c="0.000000" m_d="1.000000" m_tx="187.000000" m_ty="175.000000"/>
   <element name="spear3" layername="spear3" frame="0" z_index="1" m_a="1.000000" m_b="0.000000" m_c="0.000000" m_d="1.000000" m_tx="46.000000" m_ty="158.000000"/>
   <element name="spear2" layername="spear2" frame="0" z_index="2" m_a="1.000000" m_b="0.000000" m_c="0.000000" m_d="1.000000" m_tx="-131.000000" m_ty="167.000000"/>
   <element name="spear1" layername="spea" frame="0" z_index="3" m_a="1.000000" m_b="0.000000" m_c="0.000000" m_d="1.000000" m_tx="-275.000000" m_ty="140.000000"/>
   <element name="axe5" layername="axe5" frame="0" z_index="4" m_a="1.000000" m_b="0.000000" m_c="0.000000" m_d="1.000000" m_tx="272.000000" m_ty="-165.000000"/>
   <element name="axe4" layername="axe4" frame="0" z_index="5" m_a="1.000000" m_b="0.000000" m_c="0.000000" m_d="1.000000" m_tx="127.000000" m_ty="-158.000000"/>
   <element name="axe3" layername="axe3" frame="0" z_index="6" m_a="1.000000" m_b="0.000000" m_c="0.000000" m_d="1.000000" m_tx="-3.000000" m_ty="-169.000000"/>
   <element name="axe2" layername="axe2" frame="0" z_index="7" m_a="1.000000" m_b="0.000000" m_c="0.000000" m_d="1.000000" m_tx="-147.000000" m_ty="-177.000000"/>
   <element name="axe1" layername="ax" frame="0" z_index="8" m_a="1.000000" m_b="0.000000" m_c="0.000000" m_d="1.000000" m_tx="-310.000000" m_ty="-176.000000"/>
  </frame>
  <frame idx="425" w="848" h="976" x="-336.746735" y="-321.762146">
   <element name="spear4" layername="spear4" frame="0" z_index="0" m_a="1.000000" m_b="0.000000" m_c="0.000000" m_d="1.000000" m_tx="187.000000" m_ty="175.000000"/>
   <element name="spear3" layername="spear3" frame="0" z_index="1" m_a="1.000000" m_b="0.000000" m_c="0.000000" m_d="1.000000" m_tx="46.000000" m_ty="158.000000"/>
   <element name="spear2" layername="spear2" frame="0" z_index="2" m_a="1.000000" m_b="0.000000" m_c="0.000000" m_d="1.000000" m_tx="-131.000000" m_ty="167.000000"/>
   <element name="spear1" layername="spea" frame="0" z_index="3" m_a="1.000000" m_b="0.000000" m_c="0.000000" m_d="1.000000" m_tx="-275.000000" m_ty="140.000000"/>
   <element name="axe5" layername="axe5" frame="0" z_index="4" m_a="1.000000" m_b="0.000000" m_c="0.000000" m_d="1.000000" m_tx="272.000000" m_ty="-165.000000"/>
   <element name="axe4" layername="axe4" frame="0" z_index="5" m_a="1.000000" m_b="0.000000" m_c="0.000000" m_d="1.000000" m_tx="127.000000" m_ty="-158.000000"/>
   <element name="axe3" layername="axe3" frame="0" z_index="6" m_a="1.000000" m_b="0.000000" m_c="0.000000" m_d="1.000000" m_tx="-3.000000" m_ty="-169.000000"/>
   <element name="axe2" layername="axe2" frame="0" z_index="7" m_a="1.000000" m_b="0.000000" m_c="0.000000" m_d="1.000000" m_tx="-147.000000" m_ty="-177.000000"/>
   <element name="axe1" layername="ax" frame="0" z_index="8" m_a="1.000000" m_b="0.000000" m_c="0.000000" m_d="1.000000" m_tx="-310.000000" m_ty="-176.000000"/>
  </frame>
  <frame idx="450" w="848" h="976" x="-336.746735" y="-321.762146">
   <element name="spear4" layername="spear4" frame="0" z_index="0" m_a="1.000000" m_b="0.000000" m_c="0.000000" m_d="1.000000" m_tx="187.000000" m_ty="175.000000"/>
   <element name="spear3" layername="spear3" frame="0" z_index="1" m_a="1.000000" m_b="0.000000" m_c="0.000000" m_d="1.000000" m_tx="46.000000" m_ty="158.000000"/>
   <element name="spear2" layername="spear2" frame="0" z_index="2" m_a="1.000000" m_b="0.000000" m_c="0.000000" m_d="1.000000" m_tx="-131.000000" m_ty="167.000000"/>
   <element name="spear1" layername="spea" frame="0" z_index="3" m_a="1.000000" m_b="0.000000" m_c="0.000000" m_d="1.000000" m_tx="-275.000000" m_ty="140.000000"/>
   <element name="axe5" layername="axe5" frame="0" z_index="4" m_a="1.000000" m_b="0.000000" m_c="0.000000" m_d="1.000000" m_tx="272.000000" m_ty="-165.000000"/>
   <element name="axe4" layername="axe4" frame="0" z_index="5" m_a="1.000000" m_b="0.000000" m_c="0.000000" m_d="1.000000" m_tx="127.000000" m_ty="-158.000000"/>
   <element name="axe3" layername="axe3" frame="0" z_index="6" m_a="1.000000" m_b="0.000000" m_c="0.000000" m_d="1.000000" m_tx="-3.000000" m_ty="-169.000000"/>
   <element name="axe2" layername="axe2" frame="0" z_index="7" m_a="1.000000" m_b="0.000000" m_c="0.000000" m_d="1.000000" m_tx="-147.000000" m_ty="-177.000000"/>
   <element name="axe1" layername="ax" frame="0" z_index="8" m_a="1.000000" m_b="0.000000" m_c="0.000000" m_d="1.000000" m_tx="-310.000000" m_ty="-176.000000"/>
  </frame>
  <frame idx="475" w="848" h="976" x="-336.746735" y="-321.762146">
   <element name="spear4" layername="spear4" frame="0" z_index="0" m_a="1.000000" m_b="0.000000" m_c="0.000000" m_d="1.000000" m_tx="187.000000" m_ty="175.000000"/>
   <element name="spear3" layername="spear3" frame="0" z_index="1" m_a="1.000000" m_b="0.000000" m_c="0.000000" m_d="1.000000" m_tx="46.000000" m_ty="158.000000"/>
   <element name="spear2" layername="spear2" frame="0" z_index="2" m_a="1.000000" m_b="0.000000" m_c="0.000000" m_d="1.000000" m_tx="-131.000000" m_ty="167.000000"/>
   <element name="spear1" layername="spea" frame="0" z_index="3" m_a="1.000000" m_b="0.000000" m_c="0.000000" m_d="1.000000" m_tx="-275.000000" m_ty="140.000000"/>
   <element name="axe5" layername="axe5" frame="0" z_index="4" m_a="1.000000" m_b="0.000000" m_c="0.000000" m_d="1.000000" m_tx="272.000000" m_ty="-165.000000"/>
   <element name="axe4" layername="axe4" frame="0" z_index="5" m_a="1.000000" m_b="0.000000" m_c="0.000000" m_d="1.000000" m_tx="127.000000" m_ty="-158.000000"/>
   <element name="axe3" layername="axe3" frame="0" z_index="6" m_a="1.000000" m_b="0.000000" m_c="0.000000" m_d="1.000000" m_tx="-3.000000" m_ty="-169.000000"/>
   <element name="axe2" layername="axe2" frame="0" z_index="7" m_a="1.000000" m_b="0.000000" m_c="0.000000" m_d="1.000000" m_tx="-147.000000" m_ty="-177.000000"/>
   <element name="axe1" layername="ax" frame="0" z_index="8" m_a="1.000000" m_b="0.000000" m_c="0.000000" m_d="1.000000" m_tx="-310.000000" m_ty="-176.000000"/>
  </frame>
  <frame idx="500" w="848" h="976" x="-336.746735" y="-321.762146">
   <element name="spear4" layername="spear4" frame="0" z_index="0" m_a="1.000000" m_b="0.000000" m_c="0.000000" m_d="1.000000" m_tx="187.000000" m_ty="175.000000"/>
   <element name="spear3" layername="spear3" frame="0" z_index="1" m_a="1.000000" m_b="0.000000" m_c="0.000000" m_d="1.000000" m_tx="46.000000" m_ty="158.000000"/>
   <element name="spear2" layername="spear2" frame="0" z_index="2" m_a="1.000000" m_b="0.000000" m_c="0.000000" m_d="1.000000" m_tx="-131.000000" m_ty="167.000000"/>
   <element name="spear1" layername="spea" frame="0" z_index="3" m_a="1.000000" m_b="0.000000" m_c="0.000000" m_d="1.000000" m_tx="-275.000000" m_ty="140.000000"/>
   <element name="axe5" layername="axe5" frame="0" z_index="4" m_a="1.000000" m_b="0.000000" m_c="0.000000" m_d="1.000000" m_tx="272.000000" m_ty="-165.000000"/>
   <element name="axe4" layername="axe4" frame="0" z_index="5" m_a="1.000000" m_b="0.000000" m_c="0.000000" m_d="1.000000" m_tx="127.000000" m_ty="-158.000000"/>
   <element name="axe3" layername="axe3" frame="0" z_index="6" m_a="1.000000" m_b="0.000000" m_c="0.000000" m_d="1.000000" m_tx="-3.000000" m_ty="-169.000000"/>
   <element name="axe2" layername="axe2" frame="0" z_index="7" m_a="1.000000" m_b="0.000000" m_c="0.000000" m_d="1.000000" m_tx="-147.000000" m_ty="-177.000000"/>
   <element name="axe1" layername="ax" frame="0" z_index="8" m_a="1.000000" m_b="0.000000" m_c="0.000000" m_d="1.000000" m_tx="-310.000000" m_ty="-176.000000"/>
  </frame>
  <frame idx="525" w="848" h="976" x="-336.746735" y="-321.762146">
   <element name="spear4" layername="spear4" frame="0" z_index="0" m_a="1.000000" m_b="0.000000" m_c="0.000000" m_d="1.000000" m_tx="187.000000" m_ty="175.000000"/>
   <element name="spear3" layername="spear3" frame="0" z_index="1" m_a="1.000000" m_b="0.000000" m_c="0.000000" m_d="1.000000" m_tx="46.000000" m_ty="158.000000"/>
   <element name="spear2" layername="spear2" frame="0" z_index="2" m_a="1.000000" m_b="0.000000" m_c="0.000000" m_d="1.000000" m_tx="-131.000000" m_ty="167.000000"/>
   <element name="spear1" layername="spea" frame="0" z_index="3" m_a="1.000000" m_b="0.000000" m_c="0.000000" m_d="1.000000" m_tx="-275.000000" m_ty="140.000000"/>
   <element name="axe5" layername="axe5" frame="0" z_index="4" m_a="1.000000" m_b="0.000000" m_c="0.000000" m_d="1.000000" m_tx="272.000000" m_ty="-165.000000"/>
   <element name="axe4" layername="axe4" frame="0" z_index="5" m_a="1.000000" m_b="0.000000" m_c="0.000000" m_d="1.000000" m_tx="127.000000" m_ty="-158.000000"/>
   <element name="axe3" layername="axe3" frame="0" z_index="6" m_a="1.000000" m_b="0.000000" m_c="0.000000" m_d="1.000000" m_tx="-3.000000" m_ty="-169.000000"/>
   <element name="axe2" layername="axe2" frame="0" z_index="7" m_a="1.000000" m_b="0.000000" m_c="0.000000" m_d="1.000000" m_tx="-147.000000" m_ty="-177.000000"/>
   <element name="axe1" layername="ax" frame="0" z_index="8" m_a="1.000000" m_b="0.000000" m_c="0.000000" m_d="1.000000" m_tx="-310.000000" m_ty="-176.000000"/>
  </frame>
  <frame idx="550" w="848" h="976" x="-336.746735" y="-321.762146">
   <element name="spear4" layername="spear4" frame="0" z_index="0" m_a="1.000000" m_b="0.000000" m_c="0.000000" m_d="1.000000" m_tx="187.000000" m_ty="175.000000"/>
   <element name="spear3" layername="spear3" frame="0" z_index="1" m_a="1.000000" m_b="0.000000" m_c="0.000000" m_d="1.000000" m_tx="46.000000" m_ty="158.000000"/>
   <element name="spear2" layername="spear2" frame="0" z_index="2" m_a="1.000000" m_b="0.000000" m_c="0.000000" m_d="1.000000" m_tx="-131.000000" m_ty="167.000000"/>
   <element name="spear1" layername="spea" frame="0" z_index="3" m_a="1.000000" m_b="0.000000" m_c="0.000000" m_d="1.000000" m_tx="-275.000000" m_ty="140.000000"/>
   <element name="axe5" layername="axe5" frame="0" z_index="4" m_a="1.000000" m_b="0.000000" m_c="0.000000" m_d="1.000000" m_tx="272.000000" m_ty="-165.000000"/>
   <element name="axe4" layername="axe4" frame="0" z_index="5" m_a="1.000000" m_b="0.000000" m_c="0.000000" m_d="1.000000" m_tx="127.000000" m_ty="-158.000000"/>
   <element name="axe3" layername="axe3" frame="0" z_index="6" m_a="1.000000" m_b="0.000000" m_c="0.000000" m_d="1.000000" m_tx="-3.000000" m_ty="-169.000000"/>
   <element name="axe2" layername="axe2" frame="0" z_index="7" m_a="1.000000" m_b="0.000000" m_c="0.000000" m_d="1.000000" m_tx="-147.000000" m_ty="-177.000000"/>
   <element name="axe1" layername="ax" frame="0" z_index="8" m_a="1.000000" m_b="0.000000" m_c="0.000000" m_d="1.000000" m_tx="-310.000000" m_ty="-176.000000"/>
  </frame>
  <frame idx="575" w="848" h="976" x="-336.746735" y="-321.762146">
   <element name="spear4" layername="spear4" frame="0" z_index="0" m_a="1.000000" m_b="0.000000" m_c="0.000000" m_d="1.000000" m_tx="187.000000" m_ty="175.000000"/>
   <element name="spear3" layername="spear3" frame="0" z_index="1" m_a="1.000000" m_b="0.000000" m_c="0.000000" m_d="1.000000" m_tx="46.000000" m_ty="158.000000"/>
   <element name="spear2" layername="spear2" frame="0" z_index="2" m_a="1.000000" m_b="0.000000" m_c="0.000000" m_d="1.000000" m_tx="-131.000000" m_ty="167.000000"/>
   <element name="spear1" layername="spea" frame="0" z_index="3" m_a="1.000000" m_b="0.000000" m_c="0.000000" m_d="1.000000" m_tx="-275.000000" m_ty="140.000000"/>
   <element name="axe5" layername="axe5" frame="0" z_index="4" m_a="1.000000" m_b="0.000000" m_c="0.000000" m_d="1.000000" m_tx="272.000000" m_ty="-165.000000"/>
   <element name="axe4" layername="axe4" frame="0" z_index="5" m_a="1.000000" m_b="0.000000" m_c="0.000000" m_d="1.000000" m_tx="127.000000" m_ty="-158.000000"/>
   <element name="axe3" layername="axe3" frame="0" z_index="6" m_a="1.000000" m_b="0.000000" m_c="0.000000" m_d="1.000000" m_tx="-3.000000" m_ty="-169.000000"/>
   <element name="axe2" layername="axe2" frame="0" z_index="7" m_a="1.000000" m_b="0.000000" m_c="0.000000" m_d="1.000000" m_tx="-147.000000" m_ty="-177.000000"/>
   <element name="axe1" layername="ax" frame="0" z_index="8" m_a="1.000000" m_b="0.000000" m_c="0.000000" m_d="1.000000" m_tx="-310.000000" m_ty="-176.000000"/>
  </frame>
  <frame idx="600" w="848" h="976" x="-336.746735" y="-321.762146">
   <element name="spear4" layername="spear4" frame="0" z_index="0" m_a="1.000000" m_b="0.000000" m_c="0.000000" m_d="1.000000" m_tx="187.000000" m_ty="175.000000"/>
   <element name="spear3" layername="spear3" frame="0" z_index="1" m_a="1.000000" m_b="0.000000" m_c="0.000000" m_d="1.000000" m_tx="46.000000" m_ty="158.000000"/>
   <element name="spear2" layername="spear2" frame="0" z_index="2" m_a="1.000000" m_b="0.000000" m_c="0.000000" m_d="1.000000" m_tx="-131.000000" m_ty="167.000000"/>
   <element name="spear1" layername="spea" frame="0" z_index="3" m_a="1.000000" m_b="0.000000" m_c="0.000000" m_d="1.000000" m_tx="-275.000000" m_ty="140.000000"/>
   <element name="axe5" layername="axe5" frame="0" z_index="4" m_a="1.000000" m_b="0.000000" m_c="0.000000" m_d="1.000000" m_tx="272.000000" m_ty="-165.000000"/>
   <element name="axe4" layername="axe4" frame="0" z_index="5" m_a="1.000000" m_b="0.000000" m_c="0.000000" m_d="1.000000" m_tx="127.000000" m_ty="-158.000000"/>
   <element name="axe3" layername="axe3" frame="0" z_index="6" m_a="1.000000" m_b="0.000000" m_c="0.000000" m_d="1.000000" m_tx="-3.000000" m_ty="-169.000000"/>
   <element name="axe2" layername="axe2" frame="0" z_index="7" m_a="1.000000" m_b="0.000000" m_c="0.000000" m_d="1.000000" m_tx="-147.000000" m_ty="-177.000000"/>
   <element name="axe1" layername="ax" frame="0" z_index="8" m_a="1.000000" m_b="0.000000" m_c="0.000000" m_d="1.000000" m_tx="-310.000000" m_ty="-176.000000"/>
  </frame>
  <frame idx="625" w="848" h="976" x="-336.746735" y="-321.762146">
   <element name="spear4" layername="spear4" frame="0" z_index="0" m_a="1.000000" m_b="0.000000" m_c="0.000000" m_d="1.000000" m_tx="187.000000" m_ty="175.000000"/>
   <element name="spear3" layername="spear3" frame="0" z_index="1" m_a="1.000000" m_b="0.000000" m_c="0.000000" m_d="1.000000" m_tx="46.000000" m_ty="158.000000"/>
   <element name="spear2" layername="spear2" frame="0" z_index="2" m_a="1.000000" m_b="0.000000" m_c="0.000000" m_d="1.000000" m_tx="-131.000000" m_ty="167.000000"/>
   <element name="spear1" layername="spea" frame="0" z_index="3" m_a="1.000000" m_b="0.000000" m_c="0.000000" m_d="1.000000" m_tx="-275.000000" m_ty="140.000000"/>
   <element name="axe5" layername="axe5" frame="0" z_index="4" m_a="1.000000" m_b="0.000000" m_c="0.000000" m_d="1.000000" m_tx="272.000000" m_ty="-165.000000"/>
   <element name="axe4" layername="axe4" frame="0" z_index="5" m_a="1.000000" m_b="0.000000" m_c="0.000000" m_d="1.000000" m_tx="127.000000" m_ty="-158.000000"/>
   <element name="axe3" layername="axe3" frame="0" z_index="6" m_a="1.000000" m_b="0.000000" m_c="0.000000" m_d="1.000000" m_tx="-3.000000" m_ty="-169.000000"/>
   <element name="axe2" layername="axe2" frame="0" z_index="7" m_a="1.000000" m_b="0.000000" m_c="0.000000" m_d="1.000000" m_tx="-147.000000" m_ty="-177.000000"/>
   <element name="axe1" layername="ax" frame="0" z_index="8" m_a="1.000000" m_b="0.000000" m_c="0.000000" m_d="1.000000" m_tx="-310.000000" m_ty="-176.000000"/>
  </frame>
  <frame idx="650" w="848" h="976" x="-336.746735" y="-321.762146">
   <element name="spear4" layername="spear4" frame="0" z_index="0" m_a="1.000000" m_b="0.000000" m_c="0.000000" m_d="1.000000" m_tx="187.000000" m_ty="175.000000"/>
   <element name="spear3" layername="spear3" frame="0" z_index="1" m_a="1.000000" m_b="0.000000" m_c="0.000000" m_d="1.000000" m_tx="46.000000" m_ty="158.000000"/>
   <element name="spear2" layername="spear2" frame="0" z_index="2" m_a="1.000000" m_b="0.000000" m_c="0.000000" m_d="1.000000" m_tx="-131.000000" m_ty="167.000000"/>
   <element name="spear1" layername="spea" frame="0" z_index="3" m_a="1.000000" m_b="0.000000" m_c="0.000000" m_d="1.000000" m_tx="-275.000000" m_ty="140.000000"/>
   <element name="axe5" layername="axe5" frame="0" z_index="4" m_a="1.000000" m_b="0.000000" m_c="0.000000" m_d="1.000000" m_tx="272.000000" m_ty="-165.000000"/>
   <element name="axe4" layername="axe4" frame="0" z_index="5" m_a="1.000000" m_b="0.000000" m_c="0.000000" m_d="1.000000" m_tx="127.000000" m_ty="-158.000000"/>
   <element name="axe3" layername="axe3" frame="0" z_index="6" m_a="1.000000" m_b="0.000000" m_c="0.000000" m_d="1.000000" m_tx="-3.000000" m_ty="-169.000000"/>
   <element name="axe2" layername="axe2" frame="0" z_index="7" m_a="1.000000" m_b="0.000000" m_c="0.000000" m_d="1.000000" m_tx="-147.000000" m_ty="-177.000000"/>
   <element name="axe1" layername="ax" frame="0" z_index="8" m_a="1.000000" m_b="0.000000" m_c="0.000000" m_d="1.000000" m_tx="-310.000000" m_ty="-176.000000"/>
  </frame>
  <frame idx="675" w="848" h="976" x="-336.746735" y="-321.762146">
   <element name="spear4" layername="spear4" frame="0" z_index="0" m_a="1.000000" m_b="0.000000" m_c="0.000000" m_d="1.000000" m_tx="187.000000" m_ty="175.000000"/>
   <element name="spear3" layername="spear3" frame="0" z_index="1" m_a="1.000000" m_b="0.000000" m_c="0.000000" m_d="1.000000" m_tx="46.000000" m_ty="158.000000"/>
   <element name="spear2" layername="spear2" frame="0" z_index="2" m_a="1.000000" m_b="0.000000" m_c="0.000000" m_d="1.000000" m_tx="-131.000000" m_ty="167.000000"/>
   <element name="spear1" layername="spea" frame="0" z_index="3" m_a="1.000000" m_b="0.000000" m_c="0.000000" m_d="1.000000" m_tx="-275.000000" m_ty="140.000000"/>
   <element name="axe5" layername="axe5" frame="0" z_index="4" m_a="1.000000" m_b="0.000000" m_c="0.000000" m_d="1.000000" m_tx="272.000000" m_ty="-165.000000"/>
   <element name="axe4" layername="axe4" frame="0" z_index="5" m_a="1.000000" m_b="0.000000" m_c="0.000000" m_d="1.000000" m_tx="127.000000" m_ty="-158.000000"/>
   <element name="axe3" layername="axe3" frame="0" z_index="6" m_a="1.000000" m_b="0.000000" m_c="0.000000" m_d="1.000000" m_tx="-3.000000" m_ty="-169.000000"/>
   <element name="axe2" layername="axe2" frame="0" z_index="7" m_a="1.000000" m_b="0.000000" m_c="0.000000" m_d="1.000000" m_tx="-147.000000" m_ty="-177.000000"/>
   <element name="axe1" layername="ax" frame="0" z_index="8" m_a="1.000000" m_b="0.000000" m_c="0.000000" m_d="1.000000" m_tx="-310.000000" m_ty="-176.000000"/>
  </frame>
  <frame idx="700" w="848" h="976" x="-336.746735" y="-321.762146">
   <element name="spear4" layername="spear4" frame="0" z_index="0" m_a="1.000000" m_b="0.000000" m_c="0.000000" m_d="1.000000" m_tx="187.000000" m_ty="175.000000"/>
   <element name="spear3" layername="spear3" frame="0" z_index="1" m_a="1.000000" m_b="0.000000" m_c="0.000000" m_d="1.000000" m_tx="46.000000" m_ty="158.000000"/>
   <element name="spear2" layername="spear2" frame="0" z_index="2" m_a="1.000000" m_b="0.000000" m_c="0.000000" m_d="1.000000" m_tx="-131.000000" m_ty="167.000000"/>
   <element name="spear1" layername="spea" frame="0" z_index="3" m_a="1.000000" m_b="0.000000" m_c="0.000000" m_d="1.000000" m_tx="-275.000000" m_ty="140.000000"/>
   <element name="axe5" layername="axe5" frame="0" z_index="4" m_a="1.000000" m_b="0.000000" m_c="0.000000" m_d="1.000000" m_tx="272.000000" m_ty="-165.000000"/>
   <element name="axe4" layername="axe4" frame="0" z_index="5" m_a="1.000000" m_b="0.000000" m_c="0.000000" m_d="1.000000" m_tx="127.000000" m_ty="-158.000000"/>
   <element name="axe3" layername="axe3" frame="0" z_index="6" m_a="1.000000" m_b="0.000000" m_c="0.000000" m_d="1.000000" m_tx="-3.000000" m_ty="-169.000000"/>
   <element name="axe2" layername="axe2" frame="0" z_index="7" m_a="1.000000" m_b="0.000000" m_c="0.000000" m_d="1.000000" m_tx="-147.000000" m_ty="-177.000000"/>
   <element name="axe1" layername="ax" frame="0" z_index="8" m_a="1.000000" m_b="0.000000" m_c="0.000000" m_d="1.000000" m_tx="-310.000000" m_ty="-176.000000"/>
  </frame>
  <frame idx="725" w="848" h="976" x="-336.746735" y="-321.762146">
   <element name="spear4" layername="spear4" frame="0" z_index="0" m_a="1.000000" m_b="0.000000" m_c="0.000000" m_d="1.000000" m_tx="187.000000" m_ty="175.000000"/>
   <element name="spear3" layername="spear3" frame="0" z_index="1" m_a="1.000000" m_b="0.000000" m_c="0.000000" m_d="1.000000" m_tx="46.000000" m_ty="158.000000"/>
   <element name="spear2" layername="spear2" frame="0" z_index="2" m_a="1.000000" m_b="0.000000" m_c="0.000000" m_d="1.000000" m_tx="-131.000000" m_ty="167.000000"/>
   <element name="spear1" layername="spea" frame="0" z_index="3" m_a="1.000000" m_b="0.000000" m_c="0.000000" m_d="1.000000" m_tx="-275.000000" m_ty="140.000000"/>
   <element name="axe5" layername="axe5" frame="0" z_index="4" m_a="1.000000" m_b="0.000000" m_c="0.000000" m_d="1.000000" m_tx="272.000000" m_ty="-165.000000"/>
   <element name="axe4" layername="axe4" frame="0" z_index="5" m_a="1.000000" m_b="0.000000" m_c="0.000000" m_d="1.000000" m_tx="127.000000" m_ty="-158.000000"/>
   <element name="axe3" layername="axe3" frame="0" z_index="6" m_a="1.000000" m_b="0.000000" m_c="0.000000" m_d="1.000000" m_tx="-3.000000" m_ty="-169.000000"/>
   <element name="axe2" layername="axe2" frame="0" z_index="7" m_a="1.000000" m_b="0.000000" m_c="0.000000" m_d="1.000000" m_tx="-147.000000" m_ty="-177.000000"/>
   <element name="axe1" layername="ax" frame="0" z_index="8" m_a="1.000000" m_b="0.000000" m_c="0.000000" m_d="1.000000" m_tx="-310.000000" m_ty="-176.000000"/>
  </frame>
  <frame idx="750" w="848" h="976" x="-336.746735" y="-321.762146">
   <element name="spear4" layername="spear4" frame="0" z_index="0" m_a="1.000000" m_b="0.000000" m_c="0.000000" m_d="1.000000" m_tx="187.000000" m_ty="175.000000"/>
   <element name="spear3" layername="spear3" frame="0" z_index="1" m_a="1.000000" m_b="0.000000" m_c="0.000000" m_d="1.000000" m_tx="46.000000" m_ty="158.000000"/>
   <element name="spear2" layername="spear2" frame="0" z_index="2" m_a="1.000000" m_b="0.000000" m_c="0.000000" m_d="1.000000" m_tx="-131.000000" m_ty="167.000000"/>
   <element name="spear1" layername="spea" frame="0" z_index="3" m_a="1.000000" m_b="0.000000" m_c="0.000000" m_d="1.000000" m_tx="-275.000000" m_ty="140.000000"/>
   <element name="axe5" layername="axe5" frame="0" z_index="4" m_a="1.000000" m_b="0.000000" m_c="0.000000" m_d="1.000000" m_tx="272.000000" m_ty="-165.000000"/>
   <element name="axe4" layername="axe4" frame="0" z_index="5" m_a="1.000000" m_b="0.000000" m_c="0.000000" m_d="1.000000" m_tx="127.000000" m_ty="-158.000000"/>
   <element name="axe3" layername="axe3" frame="0" z_index="6" m_a="1.000000" m_b="0.000000" m_c="0.000000" m_d="1.000000" m_tx="-3.000000" m_ty="-169.000000"/>
   <element name="axe2" layername="axe2" frame="0" z_index="7" m_a="1.000000" m_b="0.000000" m_c="0.000000" m_d="1.000000" m_tx="-147.000000" m_ty="-177.000000"/>
   <element name="axe1" layername="ax" frame="0" z_index="8" m_a="1.000000" m_b="0.000000" m_c="0.000000" m_d="1.000000" m_tx="-310.000000" m_ty="-176.000000"/>
  </frame>
  <frame idx="775" w="848" h="976" x="-336.746735" y="-321.762146">
   <element name="spear4" layername="spear4" frame="0" z_index="0" m_a="1.000000" m_b="0.000000" m_c="0.000000" m_d="1.000000" m_tx="187.000000" m_ty="175.000000"/>
   <element name="spear3" layername="spear3" frame="0" z_index="1" m_a="1.000000" m_b="0.000000" m_c="0.000000" m_d="1.000000" m_tx="46.000000" m_ty="158.000000"/>
   <element name="spear2" layername="spear2" frame="0" z_index="2" m_a="1.000000" m_b="0.000000" m_c="0.000000" m_d="1.000000" m_tx="-131.000000" m_ty="167.000000"/>
   <element name="spear1" layername="spea" frame="0" z_index="3" m_a="1.000000" m_b="0.000000" m_c="0.000000" m_d="1.000000" m_tx="-275.000000" m_ty="140.000000"/>
   <element name="axe5" layername="axe5" frame="0" z_index="4" m_a="1.000000" m_b="0.000000" m_c="0.000000" m_d="1.000000" m_tx="272.000000" m_ty="-165.000000"/>
   <element name="axe4" layername="axe4" frame="0" z_index="5" m_a="1.000000" m_b="0.000000" m_c="0.000000" m_d="1.000000" m_tx="127.000000" m_ty="-158.000000"/>
   <element name="axe3" layername="axe3" frame="0" z_index="6" m_a="1.000000" m_b="0.000000" m_c="0.000000" m_d="1.000000" m_tx="-3.000000" m_ty="-169.000000"/>
   <element name="axe2" layername="axe2" frame="0" z_index="7" m_a="1.000000" m_b="0.000000" m_c="0.000000" m_d="1.000000" m_tx="-147.000000" m_ty="-177.000000"/>
   <element name="axe1" layername="ax" frame="0" z_index="8" m_a="1.000000" m_b="0.000000" m_c="0.000000" m_d="1.000000" m_tx="-310.000000" m_ty="-176.000000"/>
  </frame>
  <frame idx="800" w="848" h="976" x="-336.746735" y="-321.762146">
   <element name="spear4" layername="spear4" frame="0" z_index="0" m_a="1.000000" m_b="0.000000" m_c="0.000000" m_d="1.000000" m_tx="187.000000" m_ty="175.000000"/>
   <element name="spear3" layername="spear3" frame="0" z_index="1" m_a="1.000000" m_b="0.000000" m_c="0.000000" m_d="1.000000" m_tx="46.000000" m_ty="158.000000"/>
   <element name="spear2" layername="spear2" frame="0" z_index="2" m_a="1.000000" m_b="0.000000" m_c="0.000000" m_d="1.000000" m_tx="-131.000000" m_ty="167.000000"/>
   <element name="spear1" layername="spea" frame="0" z_index="3" m_a="1.000000" m_b="0.000000" m_c="0.000000" m_d="1.000000" m_tx="-275.000000" m_ty="140.000000"/>
   <element name="axe5" layername="axe5" frame="0" z_index="4" m_a="1.000000" m_b="0.000000" m_c="0.000000" m_d="1.000000" m_tx="272.000000" m_ty="-165.000000"/>
   <element name="axe4" layername="axe4" frame="0" z_index="5" m_a="1.000000" m_b="0.000000" m_c="0.000000" m_d="1.000000" m_tx="127.000000" m_ty="-158.000000"/>
   <element name="axe3" layername="axe3" frame="0" z_index="6" m_a="1.000000" m_b="0.000000" m_c="0.000000" m_d="1.000000" m_tx="-3.000000" m_ty="-169.000000"/>
   <element name="axe2" layername="axe2" frame="0" z_index="7" m_a="1.000000" m_b="0.000000" m_c="0.000000" m_d="1.000000" m_tx="-147.000000" m_ty="-177.000000"/>
   <element name="axe1" layername="ax" frame="0" z_index="8" m_a="1.000000" m_b="0.000000" m_c="0.000000" m_d="1.000000" m_tx="-310.000000" m_ty="-176.000000"/>
  </frame>
  <frame idx="825" w="848" h="976" x="-336.746735" y="-321.762146">
   <element name="spear4" layername="spear4" frame="0" z_index="0" m_a="1.000000" m_b="0.000000" m_c="0.000000" m_d="1.000000" m_tx="187.000000" m_ty="175.000000"/>
   <element name="spear3" layername="spear3" frame="0" z_index="1" m_a="1.000000" m_b="0.000000" m_c="0.000000" m_d="1.000000" m_tx="46.000000" m_ty="158.000000"/>
   <element name="spear2" layername="spear2" frame="0" z_index="2" m_a="1.000000" m_b="0.000000" m_c="0.000000" m_d="1.000000" m_tx="-131.000000" m_ty="167.000000"/>
   <element name="spear1" layername="spea" frame="0" z_index="3" m_a="1.000000" m_b="0.000000" m_c="0.000000" m_d="1.000000" m_tx="-275.000000" m_ty="140.000000"/>
   <element name="axe5" layername="axe5" frame="0" z_index="4" m_a="1.000000" m_b="0.000000" m_c="0.000000" m_d="1.000000" m_tx="272.000000" m_ty="-165.000000"/>
   <element name="axe4" layername="axe4" frame="0" z_index="5" m_a="1.000000" m_b="0.000000" m_c="0.000000" m_d="1.000000" m_tx="127.000000" m_ty="-158.000000"/>
   <element name="axe3" layername="axe3" frame="0" z_index="6" m_a="1.000000" m_b="0.000000" m_c="0.000000" m_d="1.000000" m_tx="-3.000000" m_ty="-169.000000"/>
   <element name="axe2" layername="axe2" frame="0" z_index="7" m_a="1.000000" m_b="0.000000" m_c="0.000000" m_d="1.000000" m_tx="-147.000000" m_ty="-177.000000"/>
   <element name="axe1" layername="ax" frame="0" z_index="8" m_a="1.000000" m_b="0.000000" m_c="0.000000" m_d="1.000000" m_tx="-310.000000" m_ty="-176.000000"/>
  </frame>
  <frame idx="850" w="848" h="976" x="-336.746735" y="-321.762146">
   <element name="spear4" layername="spear4" frame="0" z_index="0" m_a="1.000000" m_b="0.000000" m_c="0.000000" m_d="1.000000" m_tx="187.000000" m_ty="175.000000"/>
   <element name="spear3" layername="spear3" frame="0" z_index="1" m_a="1.000000" m_b="0.000000" m_c="0.000000" m_d="1.000000" m_tx="46.000000" m_ty="158.000000"/>
   <element name="spear2" layername="spear2" frame="0" z_index="2" m_a="1.000000" m_b="0.000000" m_c="0.000000" m_d="1.000000" m_tx="-131.000000" m_ty="167.000000"/>
   <element name="spear1" layername="spea" frame="0" z_index="3" m_a="1.000000" m_b="0.000000" m_c="0.000000" m_d="1.000000" m_tx="-275.000000" m_ty="140.000000"/>
   <element name="axe5" layername="axe5" frame="0" z_index="4" m_a="1.000000" m_b="0.000000" m_c="0.000000" m_d="1.000000" m_tx="272.000000" m_ty="-165.000000"/>
   <element name="axe4" layername="axe4" frame="0" z_index="5" m_a="1.000000" m_b="0.000000" m_c="0.000000" m_d="1.000000" m_tx="127.000000" m_ty="-158.000000"/>
   <element name="axe3" layername="axe3" frame="0" z_index="6" m_a="1.000000" m_b="0.000000" m_c="0.000000" m_d="1.000000" m_tx="-3.000000" m_ty="-169.000000"/>
   <element name="axe2" layername="axe2" frame="0" z_index="7" m_a="1.000000" m_b="0.000000" m_c="0.000000" m_d="1.000000" m_tx="-147.000000" m_ty="-177.000000"/>
   <element name="axe1" layername="ax" frame="0" z_index="8" m_a="1.000000" m_b="0.000000" m_c="0.000000" m_d="1.000000" m_tx="-310.000000" m_ty="-176.000000"/>
  </frame>
  <frame idx="875" w="848" h="976" x="-336.746735" y="-321.762146">
   <element name="spear4" layername="spear4" frame="0" z_index="0" m_a="1.000000" m_b="0.000000" m_c="0.000000" m_d="1.000000" m_tx="187.000000" m_ty="175.000000"/>
   <element name="spear3" layername="spear3" frame="0" z_index="1" m_a="1.000000" m_b="0.000000" m_c="0.000000" m_d="1.000000" m_tx="46.000000" m_ty="158.000000"/>
   <element name="spear2" layername="spear2" frame="0" z_index="2" m_a="1.000000" m_b="0.000000" m_c="0.000000" m_d="1.000000" m_tx="-131.000000" m_ty="167.000000"/>
   <element name="spear1" layername="spea" frame="0" z_index="3" m_a="1.000000" m_b="0.000000" m_c="0.000000" m_d="1.000000" m_tx="-275.000000" m_ty="140.000000"/>
   <element name="axe5" layername="axe5" frame="0" z_index="4" m_a="1.000000" m_b="0.000000" m_c="0.000000" m_d="1.000000" m_tx="272.000000" m_ty="-165.000000"/>
   <element name="axe4" layername="axe4" frame="0" z_index="5" m_a="1.000000" m_b="0.000000" m_c="0.000000" m_d="1.000000" m_tx="127.000000" m_ty="-158.000000"/>
   <element name="axe3" layername="axe3" frame="0" z_index="6" m_a="1.000000" m_b="0.000000" m_c="0.000000" m_d="1.000000" m_tx="-3.000000" m_ty="-169.000000"/>
   <element name="axe2" layername="axe2" frame="0" z_index="7" m_a="1.000000" m_b="0.000000" m_c="0.000000" m_d="1.000000" m_tx="-147.000000" m_ty="-177.000000"/>
   <element name="axe1" layername="ax" frame="0" z_index="8" m_a="1.000000" m_b="0.000000" m_c="0.000000" m_d="1.000000" m_tx="-310.000000" m_ty="-176.000000"/>
  </frame>
  <frame idx="900" w="848" h="976" x="-336.746735" y="-321.762146">
   <element name="spear4" layername="spear4" frame="0" z_index="0" m_a="1.000000" m_b="0.000000" m_c="0.000000" m_d="1.000000" m_tx="187.000000" m_ty="175.000000"/>
   <element name="spear3" layername="spear3" frame="0" z_index="1" m_a="1.000000" m_b="0.000000" m_c="0.000000" m_d="1.000000" m_tx="46.000000" m_ty="158.000000"/>
   <element name="spear2" layername="spear2" frame="0" z_index="2" m_a="1.000000" m_b="0.000000" m_c="0.000000" m_d="1.000000" m_tx="-131.000000" m_ty="167.000000"/>
   <element name="spear1" layername="spea" frame="0" z_index="3" m_a="1.000000" m_b="0.000000" m_c="0.000000" m_d="1.000000" m_tx="-275.000000" m_ty="140.000000"/>
   <element name="axe5" layername="axe5" frame="0" z_index="4" m_a="1.000000" m_b="0.000000" m_c="0.000000" m_d="1.000000" m_tx="272.000000" m_ty="-165.000000"/>
   <element name="axe4" layername="axe4" frame="0" z_index="5" m_a="1.000000" m_b="0.000000" m_c="0.000000" m_d="1.000000" m_tx="127.000000" m_ty="-158.000000"/>
   <element name="axe3" layername="axe3" frame="0" z_index="6" m_a="1.000000" m_b="0.000000" m_c="0.000000" m_d="1.000000" m_tx="-3.000000" m_ty="-169.000000"/>
   <element name="axe2" layername="axe2" frame="0" z_index="7" m_a="1.000000" m_b="0.000000" m_c="0.000000" m_d="1.000000" m_tx="-147.000000" m_ty="-177.000000"/>
   <element name="axe1" layername="ax" frame="0" z_index="8" m_a="1.000000" m_b="0.000000" m_c="0.000000" m_d="1.000000" m_tx="-310.000000" m_ty="-176.000000"/>
  </frame>
  <frame idx="925" w="848" h="976" x="-336.746735" y="-321.762146">
   <element name="spear4" layername="spear4" frame="0" z_index="0" m_a="1.000000" m_b="0.000000" m_c="0.000000" m_d="1.000000" m_tx="187.000000" m_ty="175.000000"/>
   <element name="spear3" layername="spear3" frame="0" z_index="1" m_a="1.000000" m_b="0.000000" m_c="0.000000" m_d="1.000000" m_tx="46.000000" m_ty="158.000000"/>
   <element name="spear2" layername="spear2" frame="0" z_index="2" m_a="1.000000" m_b="0.000000" m_c="0.000000" m_d="1.000000" m_tx="-131.000000" m_ty="167.000000"/>
   <element name="spear1" layername="spea" frame="0" z_index="3" m_a="1.000000" m_b="0.000000" m_c="0.000000" m_d="1.000000" m_tx="-275.000000" m_ty="140.000000"/>
   <element name="axe5" layername="axe5" frame="0" z_index="4" m_a="1.000000" m_b="0.000000" m_c="0.000000" m_d="1.000000" m_tx="272.000000" m_ty="-165.000000"/>
   <element name="axe4" layername="axe4" frame="0" z_index="5" m_a="1.000000" m_b="0.000000" m_c="0.000000" m_d="1.000000" m_tx="127.000000" m_ty="-158.000000"/>
   <element name="axe3" layername="axe3" frame="0" z_index="6" m_a="1.000000" m_b="0.000000" m_c="0.000000" m_d="1.000000" m_tx="-3.000000" m_ty="-169.000000"/>
   <element name="axe2" layername="axe2" frame="0" z_index="7" m_a="1.000000" m_b="0.000000" m_c="0.000000" m_d="1.000000" m_tx="-147.000000" m_ty="-177.000000"/>
   <element name="axe1" layername="ax" frame="0" z_index="8" m_a="1.000000" m_b="0.000000" m_c="0.000000" m_d="1.000000" m_tx="-310.000000" m_ty="-176.000000"/>
  </frame>
  <frame idx="950" w="848" h="976" x="-336.746735" y="-321.762146">
   <element name="spear4" layername="spear4" frame="0" z_index="0" m_a="1.000000" m_b="0.000000" m_c="0.000000" m_d="1.000000" m_tx="187.000000" m_ty="175.000000"/>
   <element name="spear3" layername="spear3" frame="0" z_index="1" m_a="1.000000" m_b="0.000000" m_c="0.000000" m_d="1.000000" m_tx="46.000000" m_ty="158.000000"/>
   <element name="spear2" layername="spear2" frame="0" z_index="2" m_a="1.000000" m_b="0.000000" m_c="0.000000" m_d="1.000000" m_tx="-131.000000" m_ty="167.000000"/>
   <element name="spear1" layername="spea" frame="0" z_index="3" m_a="1.000000" m_b="0.000000" m_c="0.000000" m_d="1.000000" m_tx="-275.000000" m_ty="140.000000"/>
   <element name="axe5" layername="axe5" frame="0" z_index="4" m_a="1.000000" m_b="0.000000" m_c="0.000000" m_d="1.000000" m_tx="272.000000" m_ty="-165.000000"/>
   <element name="axe4" layername="axe4" frame="0" z_index="5" m_a="1.000000" m_b="0.000000" m_c="0.000000" m_d="1.000000" m_tx="127.000000" m_ty="-158.000000"/>
   <element name="axe3" layername="axe3" frame="0" z_index="6" m_a="1.000000" m_b="0.000000" m_c="0.000000" m_d="1.000000" m_tx="-3.000000" m_ty="-169.000000"/>
   <element name="axe2" layername="axe2" frame="0" z_index="7" m_a="1.000000" m_b="0.000000" m_c="0.000000" m_d="1.000000" m_tx="-147.000000" m_ty="-177.000000"/>
   <element name="axe1" layername="ax" frame="0" z_index="8" m_a="1.000000" m_b="0.000000" m_c="0.000000" m_d="1.000000" m_tx="-310.000000" m_ty="-176.000000"/>
  </frame>
  <frame idx="975" w="848" h="976" x="-336.746735" y="-321.762146">
   <element name="spear4" layername="spear4" frame="0" z_index="0" m_a="1.000000" m_b="0.000000" m_c="0.000000" m_d="1.000000" m_tx="187.000000" m_ty="175.000000"/>
   <element name="spear3" layername="spear3" frame="0" z_index="1" m_a="1.000000" m_b="0.000000" m_c="0.000000" m_d="1.000000" m_tx="46.000000" m_ty="158.000000"/>
   <element name="spear2" layername="spear2" frame="0" z_index="2" m_a="1.000000" m_b="0.000000" m_c="0.000000" m_d="1.000000" m_tx="-131.000000" m_ty="167.000000"/>
   <element name="spear1" layername="spea" frame="0" z_index="3" m_a="1.000000" m_b="0.000000" m_c="0.000000" m_d="1.000000" m_tx="-275.000000" m_ty="140.000000"/>
   <element name="axe5" layername="axe5" frame="0" z_index="4" m_a="1.000000" m_b="0.000000" m_c="0.000000" m_d="1.000000" m_tx="272.000000" m_ty="-165.000000"/>
   <element name="axe4" layername="axe4" frame="0" z_index="5" m_a="1.000000" m_b="0.000000" m_c="0.000000" m_d="1.000000" m_tx="127.000000" m_ty="-158.000000"/>
   <element name="axe3" layername="axe3" frame="0" z_index="6" m_a="1.000000" m_b="0.000000" m_c="0.000000" m_d="1.000000" m_tx="-3.000000" m_ty="-169.000000"/>
   <element name="axe2" layername="axe2" frame="0" z_index="7" m_a="1.000000" m_b="0.000000" m_c="0.000000" m_d="1.000000" m_tx="-147.000000" m_ty="-177.000000"/>
   <element name="axe1" layername="ax" frame="0" z_index="8" m_a="1.000000" m_b="0.000000" m_c="0.000000" m_d="1.000000" m_tx="-310.000000" m_ty="-176.000000"/>
  </frame>
 </anim>
</Anims>
