<Anims>
 <anim name="BUILD_90s" root="swap" numframes="1000" framerate="40">
  <frame idx="0" w="946" h="986" x="-395.136322" y="-110.636322">
   <element name="arma3" layername="arma3" frame="0" z_index="0" m_a="1.000000" m_b="0.000000" m_c="0.000000" m_d="1.000000" m_tx="283.000000" m_ty="153.000000"/>
   <element name="arma2" layername="arma2" frame="0" z_index="1" m_a="1.000000" m_b="0.000000" m_c="0.000000" m_d="1.000000" m_tx="138.000000" m_ty="144.000000"/>
   <element name="arma1" layername="arm" frame="0" z_index="2" m_a="1.000000" m_b="0.000000" m_c="0.000000" m_d="1.000000" m_tx="-28.000000" m_ty="127.000000"/>
   <element name="lom" layername="lom" frame="0" z_index="3" m_a="1.000000" m_b="0.000000" m_c="0.000000" m_d="1.000000" m_tx="-179.000000" m_ty="70.000000"/>
   <element name="staff0" layername="staf" frame="0" z_index="4" m_a="1.000000" m_b="0.000000" m_c="0.000000" m_d="1.000000" m_tx="-375.000000" m_ty="105.000000"/>
  </frame>
  <frame idx="25" w="946" h="986" x="-395.136322" y="-110.636322">
   <element name="arma3" layername="arma3" frame="0" z_index="0" m_a="1.000000" m_b="0.000000" m_c="0.000000" m_d="1.000000" m_tx="283.000000" m_ty="153.000000"/>
   <element name="arma2" layername="arma2" frame="0" z_index="1" m_a="1.000000" m_b="0.000000" m_c="0.000000" m_d="1.000000" m_tx="138.000000" m_ty="144.000000"/>
   <element name="arma1" layername="arm" frame="0" z_index="2" m_a="1.000000" m_b="0.000000" m_c="0.000000" m_d="1.000000" m_tx="-28.000000" m_ty="127.000000"/>
   <element name="lom" layername="lom" frame="0" z_index="3" m_a="1.000000" m_b="0.000000" m_c="0.000000" m_d="1.000000" m_tx="-179.000000" m_ty="70.000000"/>
   <element name="staff0" layername="staf" frame="0" z_index="4" m_a="1.000000" m_b="0.000000" m_c="0.000000" m_d="1.000000" m_tx="-375.000000" m_ty="105.000000"/>
  </frame>
  <frame idx="50" w="946" h="986" x="-395.136322" y="-110.636322">
   <element name="arma3" layername="arma3" frame="0" z_index="0" m_a="1.000000" m_b="0.000000" m_c="0.000000" m_d="1.000000" m_tx="283.000000" m_ty="153.000000"/>
   <element name="arma2" layername="arma2" frame="0" z_index="1" m_a="1.000000" m_b="0.000000" m_c="0.000000" m_d="1.000000" m_tx="138.000000" m_ty="144.000000"/>
   <element name="arma1" layername="arm" frame="0" z_index="2" m_a="1.000000" m_b="0.000000" m_c="0.000000" m_d="1.000000" m_tx="-28.000000" m_ty="127.000000"/>
   <element name="lom" layername="lom" frame="0" z_index="3" m_a="1.000000" m_b="0.000000" m_c="0.000000" m_d="1.000000" m_tx="-179.000000" m_ty="70.000000"/>
   <element name="staff0" layername="staf" frame="0" z_index="4" m_a="1.000000" m_b="0.000000" m_c="0.000000" m_d="1.000000" m_tx="-375.000000" m_ty="105.000000"/>
  </frame>
  <frame idx="75" w="946" h="986" x="-395.136322" y="-110.636322">
   <element name="arma3" layername="arma3" frame="0" z_index="0" m_a="1.000000" m_b="0.000000" m_c="0.000000" m_d="1.000000" m_tx="283.000000" m_ty="153.000000"/>
   <element name="arma2" layername="arma2" frame="0" z_index="1" m_a="1.000000" m_b="0.000000" m_c="0.000000" m_d="1.000000" m_tx="138.000000" m_ty="144.000000"/>
   <element name="arma1" layername="arm" frame="0" z_index="2" m_a="1.000000" m_b="0.000000" m_c="0.000000" m_d="1.000000" m_tx="-28.000000" m_ty="127.000000"/>
   <element name="lom" layername="lom" frame="0" z_index="3" m_a="1.000000" m_b="0.000000" m_c="0.000000" m_d="1.000000" m_tx="-179.000000" m_ty="70.000000"/>
   <element name="staff0" layername="staf" frame="0" z_index="4" m_a="1.000000" m_b="0.000000" m_c="0.000000" m_d="1.000000" m_tx="-375.000000" m_ty="105.000000"/>
  </frame>
  <frame idx="100" w="946" h="986" x="-395.136322" y="-110.636322">
   <element name="arma3" layername="arma3" frame="0" z_index="0" m_a="1.000000" m_b="0.000000" m_c="0.000000" m_d="1.000000" m_tx="283.000000" m_ty="153.000000"/>
   <element name="arma2" layername="arma2" frame="0" z_index="1" m_a="1.000000" m_b="0.000000" m_c="0.000000" m_d="1.000000" m_tx="138.000000" m_ty="144.000000"/>
   <element name="arma1" layername="arm" frame="0" z_index="2" m_a="1.000000" m_b="0.000000" m_c="0.000000" m_d="1.000000" m_tx="-28.000000" m_ty="127.000000"/>
   <element name="lom" layername="lom" frame="0" z_index="3" m_a="1.000000" m_b="0.000000" m_c="0.000000" m_d="1.000000" m_tx="-179.000000" m_ty="70.000000"/>
   <element name="staff0" layername="staf" frame="0" z_index="4" m_a="1.000000" m_b="0.000000" m_c="0.000000" m_d="1.000000" m_tx="-375.000000" m_ty="105.000000"/>
  </frame>
  <frame idx="125" w="946" h="986" x="-395.136322" y="-110.636322">
   <element name="arma3" layername="arma3" frame="0" z_index="0" m_a="1.000000" m_b="0.000000" m_c="0.000000" m_d="1.000000" m_tx="283.000000" m_ty="153.000000"/>
   <element name="arma2" layername="arma2" frame="0" z_index="1" m_a="1.000000" m_b="0.000000" m_c="0.000000" m_d="1.000000" m_tx="138.000000" m_ty="144.000000"/>
   <element name="arma1" layername="arm" frame="0" z_index="2" m_a="1.000000" m_b="0.000000" m_c="0.000000" m_d="1.000000" m_tx="-28.000000" m_ty="127.000000"/>
   <element name="lom" layername="lom" frame="0" z_index="3" m_a="1.000000" m_b="0.000000" m_c="0.000000" m_d="1.000000" m_tx="-179.000000" m_ty="70.000000"/>
   <element name="staff0" layername="staf" frame="0" z_index="4" m_a="1.000000" m_b="0.000000" m_c="0.000000" m_d="1.000000" m_tx="-375.000000" m_ty="105.000000"/>
  </frame>
  <frame idx="150" w="946" h="986" x="-395.136322" y="-110.636322">
   <element name="arma3" layername="arma3" frame="0" z_index="0" m_a="1.000000" m_b="0.000000" m_c="0.000000" m_d="1.000000" m_tx="283.000000" m_ty="153.000000"/>
   <element name="arma2" layername="arma2" frame="0" z_index="1" m_a="1.000000" m_b="0.000000" m_c="0.000000" m_d="1.000000" m_tx="138.000000" m_ty="144.000000"/>
   <element name="arma1" layername="arm" frame="0" z_index="2" m_a="1.000000" m_b="0.000000" m_c="0.000000" m_d="1.000000" m_tx="-28.000000" m_ty="127.000000"/>
   <element name="lom" layername="lom" frame="0" z_index="3" m_a="1.000000" m_b="0.000000" m_c="0.000000" m_d="1.000000" m_tx="-179.000000" m_ty="70.000000"/>
   <element name="staff0" layername="staf" frame="0" z_index="4" m_a="1.000000" m_b="0.000000" m_c="0.000000" m_d="1.000000" m_tx="-375.000000" m_ty="105.000000"/>
  </frame>
  <frame idx="175" w="946" h="986" x="-395.136322" y="-110.636322">
   <element name="arma3" layername="arma3" frame="0" z_index="0" m_a="1.000000" m_b="0.000000" m_c="0.000000" m_d="1.000000" m_tx="283.000000" m_ty="153.000000"/>
   <element name="arma2" layername="arma2" frame="0" z_index="1" m_a="1.000000" m_b="0.000000" m_c="0.000000" m_d="1.000000" m_tx="138.000000" m_ty="144.000000"/>
   <element name="arma1" layername="arm" frame="0" z_index="2" m_a="1.000000" m_b="0.000000" m_c="0.000000" m_d="1.000000" m_tx="-28.000000" m_ty="127.000000"/>
   <element name="lom" layername="lom" frame="0" z_index="3" m_a="1.000000" m_b="0.000000" m_c="0.000000" m_d="1.000000" m_tx="-179.000000" m_ty="70.000000"/>
   <element name="staff0" layername="staf" frame="0" z_index="4" m_a="1.000000" m_b="0.000000" m_c="0.000000" m_d="1.000000" m_tx="-375.000000" m_ty="105.000000"/>
  </frame>
  <frame idx="200" w="946" h="986" x="-395.136322" y="-110.636322">
   <element name="arma3" layername="arma3" frame="0" z_index="0" m_a="1.000000" m_b="0.000000" m_c="0.000000" m_d="1.000000" m_tx="283.000000" m_ty="153.000000"/>
   <element name="arma2" layername="arma2" frame="0" z_index="1" m_a="1.000000" m_b="0.000000" m_c="0.000000" m_d="1.000000" m_tx="138.000000" m_ty="144.000000"/>
   <element name="arma1" layername="arm" frame="0" z_index="2" m_a="1.000000" m_b="0.000000" m_c="0.000000" m_d="1.000000" m_tx="-28.000000" m_ty="127.000000"/>
   <element name="lom" layername="lom" frame="0" z_index="3" m_a="1.000000" m_b="0.000000" m_c="0.000000" m_d="1.000000" m_tx="-179.000000" m_ty="70.000000"/>
   <element name="staff0" layername="staf" frame="0" z_index="4" m_a="1.000000" m_b="0.000000" m_c="0.000000" m_d="1.000000" m_tx="-375.000000" m_ty="105.000000"/>
  </frame>
  <frame idx="225" w="946" h="986" x="-395.136322" y="-110.636322">
   <element name="arma3" layername="arma3" frame="0" z_index="0" m_a="1.000000" m_b="0.000000" m_c="0.000000" m_d="1.000000" m_tx="283.000000" m_ty="153.000000"/>
   <element name="arma2" layername="arma2" frame="0" z_index="1" m_a="1.000000" m_b="0.000000" m_c="0.000000" m_d="1.000000" m_tx="138.000000" m_ty="144.000000"/>
   <element name="arma1" layername="arm" frame="0" z_index="2" m_a="1.000000" m_b="0.000000" m_c="0.000000" m_d="1.000000" m_tx="-28.000000" m_ty="127.000000"/>
   <element name="lom" layername="lom" frame="0" z_index="3" m_a="1.000000" m_b="0.000000" m_c="0.000000" m_d="1.000000" m_tx="-179.000000" m_ty="70.000000"/>
   <element name="staff0" layername="staf" frame="0" z_index="4" m_a="1.000000" m_b="0.000000" m_c="0.000000" m_d="1.000000" m_tx="-375.000000" m_ty="105.000000"/>
  </frame>
  <frame idx="250" w="946" h="986" x="-395.136322" y="-110.636322">
   <element name="arma3" layername="arma3" frame="0" z_index="0" m_a="1.000000" m_b="0.000000" m_c="0.000000" m_d="1.000000" m_tx="283.000000" m_ty="153.000000"/>
   <element name="arma2" layername="arma2" frame="0" z_index="1" m_a="1.000000" m_b="0.000000" m_c="0.000000" m_d="1.000000" m_tx="138.000000" m_ty="144.000000"/>
   <element name="arma1" layername="arm" frame="0" z_index="2" m_a="1.000000" m_b="0.000000" m_c="0.000000" m_d="1.000000" m_tx="-28.000000" m_ty="127.000000"/>
   <element name="lom" layername="lom" frame="0" z_index="3" m_a="1.000000" m_b="0.000000" m_c="0.000000" m_d="1.000000" m_tx="-179.000000" m_ty="70.000000"/>
   <element name="staff0" layername="staf" frame="0" z_index="4" m_a="1.000000" m_b="0.000000" m_c="0.000000" m_d="1.000000" m_tx="-375.000000" m_ty="105.000000"/>
  </frame>
  <frame idx="275" w="946" h="986" x="-395.136322" y="-110.636322">
   <element name="arma3" layername="arma3" frame="0" z_index="0" m_a="1.000000" m_b="0.000000" m_c="0.000000" m_d="1.000000" m_tx="283.000000" m_ty="153.000000"/>
   <element name="arma2" layername="arma2" frame="0" z_index="1" m_a="1.000000" m_b="0.000000" m_c="0.000000" m_d="1.000000" m_tx="138.000000" m_ty="144.000000"/>
   <element name="arma1" layername="arm" frame="0" z_index="2" m_a="1.000000" m_b="0.000000" m_c="0.000000" m_d="1.000000" m_tx="-28.000000" m_ty="127.000000"/>
   <element name="lom" layername="lom" frame="0" z_index="3" m_a="1.000000" m_b="0.000000" m_c="0.000000" m_d="1.000000" m_tx="-179.000000" m_ty="70.000000"/>
   <element name="staff0" layername="staf" frame="0" z_index="4" m_a="1.000000" m_b="0.000000" m_c="0.000000" m_d="1.000000" m_tx="-375.000000" m_ty="105.000000"/>
  </frame>
  <frame idx="300" w="946" h="986" x="-395.136322" y="-110.636322">
   <element name="arma3" layername="arma3" frame="0" z_index="0" m_a="1.000000" m_b="0.000000" m_c="0.000000" m_d="1.000000" m_tx="283.000000" m_ty="153.000000"/>
   <element name="arma2" layername="arma2" frame="0" z_index="1" m_a="1.000000" m_b="0.000000" m_c="0.000000" m_d="1.000000" m_tx="138.000000" m_ty="144.000000"/>
   <element name="arma1" layername="arm" frame="0" z_index="2" m_a="1.000000" m_b="0.000000" m_c="0.000000" m_d="1.000000" m_tx="-28.000000" m_ty="127.000000"/>
   <element name="lom" layername="lom" frame="0" z_index="3" m_a="1.000000" m_b="0.000000" m_c="0.000000" m_d="1.000000" m_tx="-179.000000" m_ty="70.000000"/>
   <element name="staff0" layername="staf" frame="0" z_index="4" m_a="1.000000" m_b="0.000000" m_c="0.000000" m_d="1.000000" m_tx="-375.000000" m_ty="105.000000"/>
  </frame>
  <frame idx="325" w="946" h="986" x="-395.136322" y="-110.636322">
   <element name="arma3" layername="arma3" frame="0" z_index="0" m_a="1.000000" m_b="0.000000" m_c="0.000000" m_d="1.000000" m_tx="283.000000" m_ty="153.000000"/>
   <element name="arma2" layername="arma2" frame="0" z_index="1" m_a="1.000000" m_b="0.000000" m_c="0.000000" m_d="1.000000" m_tx="138.000000" m_ty="144.000000"/>
   <element name="arma1" layername="arm" frame="0" z_index="2" m_a="1.000000" m_b="0.000000" m_c="0.000000" m_d="1.000000" m_tx="-28.000000" m_ty="127.000000"/>
   <element name="lom" layername="lom" frame="0" z_index="3" m_a="1.000000" m_b="0.000000" m_c="0.000000" m_d="1.000000" m_tx="-179.000000" m_ty="70.000000"/>
   <element name="staff0" layername="staf" frame="0" z_index="4" m_a="1.000000" m_b="0.000000" m_c="0.000000" m_d="1.000000" m_tx="-375.000000" m_ty="105.000000"/>
  </frame>
  <frame idx="350" w="946" h="986" x="-395.136322" y="-110.636322">
   <element name="arma3" layername="arma3" frame="0" z_index="0" m_a="1.000000" m_b="0.000000" m_c="0.000000" m_d="1.000000" m_tx="283.000000" m_ty="153.000000"/>
   <element name="arma2" layername="arma2" frame="0" z_index="1" m_a="1.000000" m_b="0.000000" m_c="0.000000" m_d="1.000000" m_tx="138.000000" m_ty="144.000000"/>
   <element name="arma1" layername="arm" frame="0" z_index="2" m_a="1.000000" m_b="0.000000" m_c="0.000000" m_d="1.000000" m_tx="-28.000000" m_ty="127.000000"/>
   <element name="lom" layername="lom" frame="0" z_index="3" m_a="1.000000" m_b="0.000000" m_c="0.000000" m_d="1.000000" m_tx="-179.000000" m_ty="70.000000"/>
   <element name="staff0" layername="staf" frame="0" z_index="4" m_a="1.000000" m_b="0.000000" m_c="0.000000" m_d="1.000000" m_tx="-375.000000" m_ty="105.000000"/>
  </frame>
  <frame idx="375" w="946" h="986" x="-395.136322" y="-110.636322">
   <element name="arma3" layername="arma3" frame="0" z_index="0" m_a="1.000000" m_b="0.000000" m_c="0.000000" m_d="1.000000" m_tx="283.000000" m_ty="153.000000"/>
   <element name="arma2" layername="arma2" frame="0" z_index="1" m_a="1.000000" m_b="0.000000" m_c="0.000000" m_d="1.000000" m_tx="138.000000" m_ty="144.000000"/>
   <element name="arma1" layername="arm" frame="0" z_index="2" m_a="1.000000" m_b="0.000000" m_c="0.000000" m_d="1.000000" m_tx="-28.000000" m_ty="127.000000"/>
   <element name="lom" layername="lom" frame="0" z_index="3" m_a="1.000000" m_b="0.000000" m_c="0.000000" m_d="1.000000" m_tx="-179.000000" m_ty="70.000000"/>
   <element name="staff0" layername="staf" frame="0" z_index="4" m_a="1.000000" m_b="0.000000" m_c="0.000000" m_d="1.000000" m_tx="-375.000000" m_ty="105.000000"/>
  </frame>
  <frame idx="400" w="946" h="986" x="-395.136322" y="-110.636322">
   <element name="arma3" layername="arma3" frame="0" z_index="0" m_a="1.000000" m_b="0.000000" m_c="0.000000" m_d="1.000000" m_tx="283.000000" m_ty="153.000000"/>
   <element name="arma2" layername="arma2" frame="0" z_index="1" m_a="1.000000" m_b="0.000000" m_c="0.000000" m_d="1.000000" m_tx="138.000000" m_ty="144.000000"/>
   <element name="arma1" layername="arm" frame="0" z_index="2" m_a="1.000000" m_b="0.000000" m_c="0.000000" m_d="1.000000" m_tx="-28.000000" m_ty="127.000000"/>
   <element name="lom" layername="lom" frame="0" z_index="3" m_a="1.000000" m_b="0.000000" m_c="0.000000" m_d="1.000000" m_tx="-179.000000" m_ty="70.000000"/>
   <element name="staff0" layername="staf" frame="0" z_index="4" m_a="1.000000" m_b="0.000000" m_c="0.000000" m_d="1.000000" m_tx="-375.000000" m_ty="105.000000"/>
  </frame>
  <frame idx="425" w="946" h="986" x="-395.136322" y="-110.636322">
   <element name="arma3" layername="arma3" frame="0" z_index="0" m_a="1.000000" m_b="0.000000" m_c="0.000000" m_d="1.000000" m_tx="283.000000" m_ty="153.000000"/>
   <element name="arma2" layername="arma2" frame="0" z_index="1" m_a="1.000000" m_b="0.000000" m_c="0.000000" m_d="1.000000" m_tx="138.000000" m_ty="144.000000"/>
   <element name="arma1" layername="arm" frame="0" z_index="2" m_a="1.000000" m_b="0.000000" m_c="0.000000" m_d="1.000000" m_tx="-28.000000" m_ty="127.000000"/>
   <element name="lom" layername="lom" frame="0" z_index="3" m_a="1.000000" m_b="0.000000" m_c="0.000000" m_d="1.000000" m_tx="-179.000000" m_ty="70.000000"/>
   <element name="staff0" layername="staf" frame="0" z_index="4" m_a="1.000000" m_b="0.000000" m_c="0.000000" m_d="1.000000" m_tx="-375.000000" m_ty="105.000000"/>
  </frame>
  <frame idx="450" w="946" h="986" x="-395.136322" y="-110.636322">
   <element name="arma3" layername="arma3" frame="0" z_index="0" m_a="1.000000" m_b="0.000000" m_c="0.000000" m_d="1.000000" m_tx="283.000000" m_ty="153.000000"/>
   <element name="arma2" layername="arma2" frame="0" z_index="1" m_a="1.000000" m_b="0.000000" m_c="0.000000" m_d="1.000000" m_tx="138.000000" m_ty="144.000000"/>
   <element name="arma1" layername="arm" frame="0" z_index="2" m_a="1.000000" m_b="0.000000" m_c="0.000000" m_d="1.000000" m_tx="-28.000000" m_ty="127.000000"/>
   <element name="lom" layername="lom" frame="0" z_index="3" m_a="1.000000" m_b="0.000000" m_c="0.000000" m_d="1.000000" m_tx="-179.000000" m_ty="70.000000"/>
   <element name="staff0" layername="staf" frame="0" z_index="4" m_a="1.000000" m_b="0.000000" m_c="0.000000" m_d="1.000000" m_tx="-375.000000" m_ty="105.000000"/>
  </frame>
  <frame idx="475" w="946" h="986" x="-395.136322" y="-110.636322">
   <element name="arma3" layername="arma3" frame="0" z_index="0" m_a="1.000000" m_b="0.000000" m_c="0.000000" m_d="1.000000" m_tx="283.000000" m_ty="153.000000"/>
   <element name="arma2" layername="arma2" frame="0" z_index="1" m_a="1.000000" m_b="0.000000" m_c="0.000000" m_d="1.000000" m_tx="138.000000" m_ty="144.000000"/>
   <element name="arma1" layername="arm" frame="0" z_index="2" m_a="1.000000" m_b="0.000000" m_c="0.000000" m_d="1.000000" m_tx="-28.000000" m_ty="127.000000"/>
   <element name="lom" layername="lom" frame="0" z_index="3" m_a="1.000000" m_b="0.000000" m_c="0.000000" m_d="1.000000" m_tx="-179.000000" m_ty="70.000000"/>
   <element name="staff0" layername="staf" frame="0" z_index="4" m_a="1.000000" m_b="0.000000" m_c="0.000000" m_d="1.000000" m_tx="-375.000000" m_ty="105.000000"/>
  </frame>
  <frame idx="500" w="946" h="986" x="-395.136322" y="-110.636322">
   <element name="arma3" layername="arma3" frame="0" z_index="0" m_a="1.000000" m_b="0.000000" m_c="0.000000" m_d="1.000000" m_tx="283.000000" m_ty="153.000000"/>
   <element name="arma2" layername="arma2" frame="0" z_index="1" m_a="1.000000" m_b="0.000000" m_c="0.000000" m_d="1.000000" m_tx="138.000000" m_ty="144.000000"/>
   <element name="arma1" layername="arm" frame="0" z_index="2" m_a="1.000000" m_b="0.000000" m_c="0.000000" m_d="1.000000" m_tx="-28.000000" m_ty="127.000000"/>
   <element name="lom" layername="lom" frame="0" z_index="3" m_a="1.000000" m_b="0.000000" m_c="0.000000" m_d="1.000000" m_tx="-179.000000" m_ty="70.000000"/>
   <element name="staff0" layername="staf" frame="0" z_index="4" m_a="1.000000" m_b="0.000000" m_c="0.000000" m_d="1.000000" m_tx="-375.000000" m_ty="105.000000"/>
  </frame>
  <frame idx="525" w="946" h="986" x="-395.136322" y="-110.636322">
   <element name="arma3" layername="arma3" frame="0" z_index="0" m_a="1.000000" m_b="0.000000" m_c="0.000000" m_d="1.000000" m_tx="283.000000" m_ty="153.000000"/>
   <element name="arma2" layername="arma2" frame="0" z_index="1" m_a="1.000000" m_b="0.000000" m_c="0.000000" m_d="1.000000" m_tx="138.000000" m_ty="144.000000"/>
   <element name="arma1" layername="arm" frame="0" z_index="2" m_a="1.000000" m_b="0.000000" m_c="0.000000" m_d="1.000000" m_tx="-28.000000" m_ty="127.000000"/>
   <element name="lom" layername="lom" frame="0" z_index="3" m_a="1.000000" m_b="0.000000" m_c="0.000000" m_d="1.000000" m_tx="-179.000000" m_ty="70.000000"/>
   <element name="staff0" layername="staf" frame="0" z_index="4" m_a="1.000000" m_b="0.000000" m_c="0.000000" m_d="1.000000" m_tx="-375.000000" m_ty="105.000000"/>
  </frame>
  <frame idx="550" w="946" h="986" x="-395.136322" y="-110.636322">
   <element name="arma3" layername="arma3" frame="0" z_index="0" m_a="1.000000" m_b="0.000000" m_c="0.000000" m_d="1.000000" m_tx="283.000000" m_ty="153.000000"/>
   <element name="arma2" layername="arma2" frame="0" z_index="1" m_a="1.000000" m_b="0.000000" m_c="0.000000" m_d="1.000000" m_tx="138.000000" m_ty="144.000000"/>
   <element name="arma1" layername="arm" frame="0" z_index="2" m_a="1.000000" m_b="0.000000" m_c="0.000000" m_d="1.000000" m_tx="-28.000000" m_ty="127.000000"/>
   <element name="lom" layername="lom" frame="0" z_index="3" m_a="1.000000" m_b="0.000000" m_c="0.000000" m_d="1.000000" m_tx="-179.000000" m_ty="70.000000"/>
   <element name="staff0" layername="staf" frame="0" z_index="4" m_a="1.000000" m_b="0.000000" m_c="0.000000" m_d="1.000000" m_tx="-375.000000" m_ty="105.000000"/>
  </frame>
  <frame idx="575" w="946" h="986" x="-395.136322" y="-110.636322">
   <element name="arma3" layername="arma3" frame="0" z_index="0" m_a="1.000000" m_b="0.000000" m_c="0.000000" m_d="1.000000" m_tx="283.000000" m_ty="153.000000"/>
   <element name="arma2" layername="arma2" frame="0" z_index="1" m_a="1.000000" m_b="0.000000" m_c="0.000000" m_d="1.000000" m_tx="138.000000" m_ty="144.000000"/>
   <element name="arma1" layername="arm" frame="0" z_index="2" m_a="1.000000" m_b="0.000000" m_c="0.000000" m_d="1.000000" m_tx="-28.000000" m_ty="127.000000"/>
   <element name="lom" layername="lom" frame="0" z_index="3" m_a="1.000000" m_b="0.000000" m_c="0.000000" m_d="1.000000" m_tx="-179.000000" m_ty="70.000000"/>
   <element name="staff0" layername="staf" frame="0" z_index="4" m_a="1.000000" m_b="0.000000" m_c="0.000000" m_d="1.000000" m_tx="-375.000000" m_ty="105.000000"/>
  </frame>
  <frame idx="600" w="946" h="986" x="-395.136322" y="-110.636322">
   <element name="arma3" layername="arma3" frame="0" z_index="0" m_a="1.000000" m_b="0.000000" m_c="0.000000" m_d="1.000000" m_tx="283.000000" m_ty="153.000000"/>
   <element name="arma2" layername="arma2" frame="0" z_index="1" m_a="1.000000" m_b="0.000000" m_c="0.000000" m_d="1.000000" m_tx="138.000000" m_ty="144.000000"/>
   <element name="arma1" layername="arm" frame="0" z_index="2" m_a="1.000000" m_b="0.000000" m_c="0.000000" m_d="1.000000" m_tx="-28.000000" m_ty="127.000000"/>
   <element name="lom" layername="lom" frame="0" z_index="3" m_a="1.000000" m_b="0.000000" m_c="0.000000" m_d="1.000000" m_tx="-179.000000" m_ty="70.000000"/>
   <element name="staff0" layername="staf" frame="0" z_index="4" m_a="1.000000" m_b="0.000000" m_c="0.000000" m_d="1.000000" m_tx="-375.000000" m_ty="105.000000"/>
  </frame>
  <frame idx="625" w="946" h="986" x="-395.136322" y="-110.636322">
   <element name="arma3" layername="arma3" frame="0" z_index="0" m_a="1.000000" m_b="0.000000" m_c="0.000000" m_d="1.000000" m_tx="283.000000" m_ty="153.000000"/>
   <element name="arma2" layername="arma2" frame="0" z_index="1" m_a="1.000000" m_b="0.000000" m_c="0.000000" m_d="1.000000" m_tx="138.000000" m_ty="144.000000"/>
   <element name="arma1" layername="arm" frame="0" z_index="2" m_a="1.000000" m_b="0.000000" m_c="0.000000" m_d="1.000000" m_tx="-28.000000" m_ty="127.000000"/>
   <element name="lom" layername="lom" frame="0" z_index="3" m_a="1.000000" m_b="0.000000" m_c="0.000000" m_d="1.000000" m_tx="-179.000000" m_ty="70.000000"/>
   <element name="staff0" layername="staf" frame="0" z_index="4" m_a="1.000000" m_b="0.000000" m_c="0.000000" m_d="1.000000" m_tx="-375.000000" m_ty="105.000000"/>
  </frame>
  <frame idx="650" w="946" h="986" x="-395.136322" y="-110.636322">
   <element name="arma3" layername="arma3" frame="0" z_index="0" m_a="1.000000" m_b="0.000000" m_c="0.000000" m_d="1.000000" m_tx="283.000000" m_ty="153.000000"/>
   <element name="arma2" layername="arma2" frame="0" z_index="1" m_a="1.000000" m_b="0.000000" m_c="0.000000" m_d="1.000000" m_tx="138.000000" m_ty="144.000000"/>
   <element name="arma1" layername="arm" frame="0" z_index="2" m_a="1.000000" m_b="0.000000" m_c="0.000000" m_d="1.000000" m_tx="-28.000000" m_ty="127.000000"/>
   <element name="lom" layername="lom" frame="0" z_index="3" m_a="1.000000" m_b="0.000000" m_c="0.000000" m_d="1.000000" m_tx="-179.000000" m_ty="70.000000"/>
   <element name="staff0" layername="staf" frame="0" z_index="4" m_a="1.000000" m_b="0.000000" m_c="0.000000" m_d="1.000000" m_tx="-375.000000" m_ty="105.000000"/>
  </frame>
  <frame idx="675" w="946" h="986" x="-395.136322" y="-110.636322">
   <element name="arma3" layername="arma3" frame="0" z_index="0" m_a="1.000000" m_b="0.000000" m_c="0.000000" m_d="1.000000" m_tx="283.000000" m_ty="153.000000"/>
   <element name="arma2" layername="arma2" frame="0" z_index="1" m_a="1.000000" m_b="0.000000" m_c="0.000000" m_d="1.000000" m_tx="138.000000" m_ty="144.000000"/>
   <element name="arma1" layername="arm" frame="0" z_index="2" m_a="1.000000" m_b="0.000000" m_c="0.000000" m_d="1.000000" m_tx="-28.000000" m_ty="127.000000"/>
   <element name="lom" layername="lom" frame="0" z_index="3" m_a="1.000000" m_b="0.000000" m_c="0.000000" m_d="1.000000" m_tx="-179.000000" m_ty="70.000000"/>
   <element name="staff0" layername="staf" frame="0" z_index="4" m_a="1.000000" m_b="0.000000" m_c="0.000000" m_d="1.000000" m_tx="-375.000000" m_ty="105.000000"/>
  </frame>
  <frame idx="700" w="946" h="986" x="-395.136322" y="-110.636322">
   <element name="arma3" layername="arma3" frame="0" z_index="0" m_a="1.000000" m_b="0.000000" m_c="0.000000" m_d="1.000000" m_tx="283.000000" m_ty="153.000000"/>
   <element name="arma2" layername="arma2" frame="0" z_index="1" m_a="1.000000" m_b="0.000000" m_c="0.000000" m_d="1.000000" m_tx="138.000000" m_ty="144.000000"/>
   <element name="arma1" layername="arm" frame="0" z_index="2" m_a="1.000000" m_b="0.000000" m_c="0.000000" m_d="1.000000" m_tx="-28.000000" m_ty="127.000000"/>
   <element name="lom" layername="lom" frame="0" z_index="3" m_a="1.000000" m_b="0.000000" m_c="0.000000" m_d="1.000000" m_tx="-179.000000" m_ty="70.000000"/>
   <element name="staff0" layername="staf" frame="0" z_index="4" m_a="1.000000" m_b="0.000000" m_c="0.000000" m_d="1.000000" m_tx="-375.000000" m_ty="105.000000"/>
  </frame>
  <frame idx="725" w="946" h="986" x="-395.136322" y="-110.636322">
   <element name="arma3" layername="arma3" frame="0" z_index="0" m_a="1.000000" m_b="0.000000" m_c="0.000000" m_d="1.000000" m_tx="283.000000" m_ty="153.000000"/>
   <element name="arma2" layername="arma2" frame="0" z_index="1" m_a="1.000000" m_b="0.000000" m_c="0.000000" m_d="1.000000" m_tx="138.000000" m_ty="144.000000"/>
   <element name="arma1" layername="arm" frame="0" z_index="2" m_a="1.000000" m_b="0.000000" m_c="0.000000" m_d="1.000000" m_tx="-28.000000" m_ty="127.000000"/>
   <element name="lom" layername="lom" frame="0" z_index="3" m_a="1.000000" m_b="0.000000" m_c="0.000000" m_d="1.000000" m_tx="-179.000000" m_ty="70.000000"/>
   <element name="staff0" layername="staf" frame="0" z_index="4" m_a="1.000000" m_b="0.000000" m_c="0.000000" m_d="1.000000" m_tx="-375.000000" m_ty="105.000000"/>
  </frame>
  <frame idx="750" w="946" h="986" x="-395.136322" y="-110.636322">
   <element name="arma3" layername="arma3" frame="0" z_index="0" m_a="1.000000" m_b="0.000000" m_c="0.000000" m_d="1.000000" m_tx="283.000000" m_ty="153.000000"/>
   <element name="arma2" layername="arma2" frame="0" z_index="1" m_a="1.000000" m_b="0.000000" m_c="0.000000" m_d="1.000000" m_tx="138.000000" m_ty="144.000000"/>
   <element name="arma1" layername="arm" frame="0" z_index="2" m_a="1.000000" m_b="0.000000" m_c="0.000000" m_d="1.000000" m_tx="-28.000000" m_ty="127.000000"/>
   <element name="lom" layername="lom" frame="0" z_index="3" m_a="1.000000" m_b="0.000000" m_c="0.000000" m_d="1.000000" m_tx="-179.000000" m_ty="70.000000"/>
   <element name="staff0" layername="staf" frame="0" z_index="4" m_a="1.000000" m_b="0.000000" m_c="0.000000" m_d="1.000000" m_tx="-375.000000" m_ty="105.000000"/>
  </frame>
  <frame idx="775" w="946" h="986" x="-395.136322" y="-110.636322">
   <element name="arma3" layername="arma3" frame="0" z_index="0" m_a="1.000000" m_b="0.000000" m_c="0.000000" m_d="1.000000" m_tx="283.000000" m_ty="153.000000"/>
   <element name="arma2" layername="arma2" frame="0" z_index="1" m_a="1.000000" m_b="0.000000" m_c="0.000000" m_d="1.000000" m_tx="138.000000" m_ty="144.000000"/>
   <element name="arma1" layername="arm" frame="0" z_index="2" m_a="1.000000" m_b="0.000000" m_c="0.000000" m_d="1.000000" m_tx="-28.000000" m_ty="127.000000"/>
   <element name="lom" layername="lom" frame="0" z_index="3" m_a="1.000000" m_b="0.000000" m_c="0.000000" m_d="1.000000" m_tx="-179.000000" m_ty="70.000000"/>
   <element name="staff0" layername="staf" frame="0" z_index="4" m_a="1.000000" m_b="0.000000" m_c="0.000000" m_d="1.000000" m_tx="-375.000000" m_ty="105.000000"/>
  </frame>
  <frame idx="800" w="946" h="986" x="-395.136322" y="-110.636322">
   <element name="arma3" layername="arma3" frame="0" z_index="0" m_a="1.000000" m_b="0.000000" m_c="0.000000" m_d="1.000000" m_tx="283.000000" m_ty="153.000000"/>
   <element name="arma2" layername="arma2" frame="0" z_index="1" m_a="1.000000" m_b="0.000000" m_c="0.000000" m_d="1.000000" m_tx="138.000000" m_ty="144.000000"/>
   <element name="arma1" layername="arm" frame="0" z_index="2" m_a="1.000000" m_b="0.000000" m_c="0.000000" m_d="1.000000" m_tx="-28.000000" m_ty="127.000000"/>
   <element name="lom" layername="lom" frame="0" z_index="3" m_a="1.000000" m_b="0.000000" m_c="0.000000" m_d="1.000000" m_tx="-179.000000" m_ty="70.000000"/>
   <element name="staff0" layername="staf" frame="0" z_index="4" m_a="1.000000" m_b="0.000000" m_c="0.000000" m_d="1.000000" m_tx="-375.000000" m_ty="105.000000"/>
  </frame>
  <frame idx="825" w="946" h="986" x="-395.136322" y="-110.636322">
   <element name="arma3" layername="arma3" frame="0" z_index="0" m_a="1.000000" m_b="0.000000" m_c="0.000000" m_d="1.000000" m_tx="283.000000" m_ty="153.000000"/>
   <element name="arma2" layername="arma2" frame="0" z_index="1" m_a="1.000000" m_b="0.000000" m_c="0.000000" m_d="1.000000" m_tx="138.000000" m_ty="144.000000"/>
   <element name="arma1" layername="arm" frame="0" z_index="2" m_a="1.000000" m_b="0.000000" m_c="0.000000" m_d="1.000000" m_tx="-28.000000" m_ty="127.000000"/>
   <element name="lom" layername="lom" frame="0" z_index="3" m_a="1.000000" m_b="0.000000" m_c="0.000000" m_d="1.000000" m_tx="-179.000000" m_ty="70.000000"/>
   <element name="staff0" layername="staf" frame="0" z_index="4" m_a="1.000000" m_b="0.000000" m_c="0.000000" m_d="1.000000" m_tx="-375.000000" m_ty="105.000000"/>
  </frame>
  <frame idx="850" w="946" h="986" x="-395.136322" y="-110.636322">
   <element name="arma3" layername="arma3" frame="0" z_index="0" m_a="1.000000" m_b="0.000000" m_c="0.000000" m_d="1.000000" m_tx="283.000000" m_ty="153.000000"/>
   <element name="arma2" layername="arma2" frame="0" z_index="1" m_a="1.000000" m_b="0.000000" m_c="0.000000" m_d="1.000000" m_tx="138.000000" m_ty="144.000000"/>
   <element name="arma1" layername="arm" frame="0" z_index="2" m_a="1.000000" m_b="0.000000" m_c="0.000000" m_d="1.000000" m_tx="-28.000000" m_ty="127.000000"/>
   <element name="lom" layername="lom" frame="0" z_index="3" m_a="1.000000" m_b="0.000000" m_c="0.000000" m_d="1.000000" m_tx="-179.000000" m_ty="70.000000"/>
   <element name="staff0" layername="staf" frame="0" z_index="4" m_a="1.000000" m_b="0.000000" m_c="0.000000" m_d="1.000000" m_tx="-375.000000" m_ty="105.000000"/>
  </frame>
  <frame idx="875" w="946" h="986" x="-395.136322" y="-110.636322">
   <element name="arma3" layername="arma3" frame="0" z_index="0" m_a="1.000000" m_b="0.000000" m_c="0.000000" m_d="1.000000" m_tx="283.000000" m_ty="153.000000"/>
   <element name="arma2" layername="arma2" frame="0" z_index="1" m_a="1.000000" m_b="0.000000" m_c="0.000000" m_d="1.000000" m_tx="138.000000" m_ty="144.000000"/>
   <element name="arma1" layername="arm" frame="0" z_index="2" m_a="1.000000" m_b="0.000000" m_c="0.000000" m_d="1.000000" m_tx="-28.000000" m_ty="127.000000"/>
   <element name="lom" layername="lom" frame="0" z_index="3" m_a="1.000000" m_b="0.000000" m_c="0.000000" m_d="1.000000" m_tx="-179.000000" m_ty="70.000000"/>
   <element name="staff0" layername="staf" frame="0" z_index="4" m_a="1.000000" m_b="0.000000" m_c="0.000000" m_d="1.000000" m_tx="-375.000000" m_ty="105.000000"/>
  </frame>
  <frame idx="900" w="946" h="986" x="-395.136322" y="-110.636322">
   <element name="arma3" layername="arma3" frame="0" z_index="0" m_a="1.000000" m_b="0.000000" m_c="0.000000" m_d="1.000000" m_tx="283.000000" m_ty="153.000000"/>
   <element name="arma2" layername="arma2" frame="0" z_index="1" m_a="1.000000" m_b="0.000000" m_c="0.000000" m_d="1.000000" m_tx="138.000000" m_ty="144.000000"/>
   <element name="arma1" layername="arm" frame="0" z_index="2" m_a="1.000000" m_b="0.000000" m_c="0.000000" m_d="1.000000" m_tx="-28.000000" m_ty="127.000000"/>
   <element name="lom" layername="lom" frame="0" z_index="3" m_a="1.000000" m_b="0.000000" m_c="0.000000" m_d="1.000000" m_tx="-179.000000" m_ty="70.000000"/>
   <element name="staff0" layername="staf" frame="0" z_index="4" m_a="1.000000" m_b="0.000000" m_c="0.000000" m_d="1.000000" m_tx="-375.000000" m_ty="105.000000"/>
  </frame>
  <frame idx="925" w="946" h="986" x="-395.136322" y="-110.636322">
   <element name="arma3" layername="arma3" frame="0" z_index="0" m_a="1.000000" m_b="0.000000" m_c="0.000000" m_d="1.000000" m_tx="283.000000" m_ty="153.000000"/>
   <element name="arma2" layername="arma2" frame="0" z_index="1" m_a="1.000000" m_b="0.000000" m_c="0.000000" m_d="1.000000" m_tx="138.000000" m_ty="144.000000"/>
   <element name="arma1" layername="arm" frame="0" z_index="2" m_a="1.000000" m_b="0.000000" m_c="0.000000" m_d="1.000000" m_tx="-28.000000" m_ty="127.000000"/>
   <element name="lom" layername="lom" frame="0" z_index="3" m_a="1.000000" m_b="0.000000" m_c="0.000000" m_d="1.000000" m_tx="-179.000000" m_ty="70.000000"/>
   <element name="staff0" layername="staf" frame="0" z_index="4" m_a="1.000000" m_b="0.000000" m_c="0.000000" m_d="1.000000" m_tx="-375.000000" m_ty="105.000000"/>
  </frame>
  <frame idx="950" w="946" h="986" x="-395.136322" y="-110.636322">
   <element name="arma3" layername="arma3" frame="0" z_index="0" m_a="1.000000" m_b="0.000000" m_c="0.000000" m_d="1.000000" m_tx="283.000000" m_ty="153.000000"/>
   <element name="arma2" layername="arma2" frame="0" z_index="1" m_a="1.000000" m_b="0.000000" m_c="0.000000" m_d="1.000000" m_tx="138.000000" m_ty="144.000000"/>
   <element name="arma1" layername="arm" frame="0" z_index="2" m_a="1.000000" m_b="0.000000" m_c="0.000000" m_d="1.000000" m_tx="-28.000000" m_ty="127.000000"/>
   <element name="lom" layername="lom" frame="0" z_index="3" m_a="1.000000" m_b="0.000000" m_c="0.000000" m_d="1.000000" m_tx="-179.000000" m_ty="70.000000"/>
   <element name="staff0" layername="staf" frame="0" z_index="4" m_a="1.000000" m_b="0.000000" m_c="0.000000" m_d="1.000000" m_tx="-375.000000" m_ty="105.000000"/>
  </frame>
  <frame idx="975" w="946" h="986" x="-395.136322" y="-110.636322">
   <element name="arma3" layername="arma3" frame="0" z_index="0" m_a="1.000000" m_b="0.000000" m_c="0.000000" m_d="1.000000" m_tx="283.000000" m_ty="153.000000"/>
   <element name="arma2" layername="arma2" frame="0" z_index="1" m_a="1.000000" m_b="0.000000" m_c="0.000000" m_d="1.000000" m_tx="138.000000" m_ty="144.000000"/>
   <element name="arma1" layername="arm" frame="0" z_index="2" m_a="1.000000" m_b="0.000000" m_c="0.000000" m_d="1.000000" m_tx="-28.000000" m_ty="127.000000"/>
   <element name="lom" layername="lom" frame="0" z_index="3" m_a="1.000000" m_b="0.000000" m_c="0.000000" m_d="1.000000" m_tx="-179.000000" m_ty="70.000000"/>
   <element name="staff0" layername="staf" frame="0" z_index="4" m_a="1.000000" m_b="0.000000" m_c="0.000000" m_d="1.000000" m_tx="-375.000000" m_ty="105.000000"/>
  </frame>
 </anim>
</Anims>
