<Anims>
 <anim name="arma1_90s" root="salo" numframes="1000" framerate="40">
  <frame idx="0" w="152" h="249" x="1.765690" y="-73.741188">
   <element name="images" layername="images" frame="3" z_index="8" m_a="1.000000" m_b="0.000000" m_c="0.000000" m_d="1.000000" m_tx="0.000000" m_ty="0.000000"/>
  </frame>
  <frame idx="25" w="152" h="249" x="1.765690" y="-73.741188">
   <element name="images" layername="images" frame="3" z_index="8" m_a="1.000000" m_b="0.000000" m_c="0.000000" m_d="1.000000" m_tx="0.000000" m_ty="0.000000"/>
  </frame>
  <frame idx="50" w="152" h="249" x="1.765690" y="-73.741188">
   <element name="images" layername="images" frame="3" z_index="8" m_a="1.000000" m_b="0.000000" m_c="0.000000" m_d="1.000000" m_tx="0.000000" m_ty="0.000000"/>
  </frame>
  <frame idx="75" w="152" h="249" x="1.765690" y="-73.741188">
   <element name="images" layername="images" frame="3" z_index="8" m_a="1.000000" m_b="0.000000" m_c="0.000000" m_d="1.000000" m_tx="0.000000" m_ty="0.000000"/>
  </frame>
  <frame idx="100" w="152" h="249" x="1.765690" y="-73.741188">
   <element name="images" layername="images" frame="3" z_index="8" m_a="1.000000" m_b="0.000000" m_c="0.000000" m_d="1.000000" m_tx="0.000000" m_ty="0.000000"/>
  </frame>
  <frame idx="125" w="152" h="249" x="1.765690" y="-73.741188">
   <element name="images" layername="images" frame="3" z_index="8" m_a="1.000000" m_b="0.000000" m_c="0.000000" m_d="1.000000" m_tx="0.000000" m_ty="0.000000"/>
  </frame>
  <frame idx="150" w="152" h="249" x="1.765690" y="-73.741188">
   <element name="images" layername="images" frame="3" z_index="8" m_a="1.000000" m_b="0.000000" m_c="0.000000" m_d="1.000000" m_tx="0.000000" m_ty="0.000000"/>
  </frame>
  <frame idx="175" w="152" h="249" x="1.765690" y="-73.741188">
   <element name="images" layername="images" frame="3" z_index="8" m_a="1.000000" m_b="0.000000" m_c="0.000000" m_d="1.000000" m_tx="0.000000" m_ty="0.000000"/>
  </frame>
  <frame idx="200" w="152" h="249" x="1.765690" y="-73.741188">
   <element name="images" layername="images" frame="3" z_index="8" m_a="1.000000" m_b="0.000000" m_c="0.000000" m_d="1.000000" m_tx="0.000000" m_ty="0.000000"/>
  </frame>
  <frame idx="225" w="152" h="249" x="1.765690" y="-73.741188">
   <element name="images" layername="images" frame="3" z_index="8" m_a="1.000000" m_b="0.000000" m_c="0.000000" m_d="1.000000" m_tx="0.000000" m_ty="0.000000"/>
  </frame>
  <frame idx="250" w="152" h="249" x="1.765690" y="-73.741188">
   <element name="images" layername="images" frame="3" z_index="8" m_a="1.000000" m_b="0.000000" m_c="0.000000" m_d="1.000000" m_tx="0.000000" m_ty="0.000000"/>
  </frame>
  <frame idx="275" w="152" h="249" x="1.765690" y="-73.741188">
   <element name="images" layername="images" frame="3" z_index="8" m_a="1.000000" m_b="0.000000" m_c="0.000000" m_d="1.000000" m_tx="0.000000" m_ty="0.000000"/>
  </frame>
  <frame idx="300" w="152" h="249" x="1.765690" y="-73.741188">
   <element name="images" layername="images" frame="3" z_index="8" m_a="1.000000" m_b="0.000000" m_c="0.000000" m_d="1.000000" m_tx="0.000000" m_ty="0.000000"/>
  </frame>
  <frame idx="325" w="152" h="249" x="1.765690" y="-73.741188">
   <element name="images" layername="images" frame="3" z_index="8" m_a="1.000000" m_b="0.000000" m_c="0.000000" m_d="1.000000" m_tx="0.000000" m_ty="0.000000"/>
  </frame>
  <frame idx="350" w="152" h="249" x="1.765690" y="-73.741188">
   <element name="images" layername="images" frame="3" z_index="8" m_a="1.000000" m_b="0.000000" m_c="0.000000" m_d="1.000000" m_tx="0.000000" m_ty="0.000000"/>
  </frame>
  <frame idx="375" w="152" h="249" x="1.765690" y="-73.741188">
   <element name="images" layername="images" frame="3" z_index="8" m_a="1.000000" m_b="0.000000" m_c="0.000000" m_d="1.000000" m_tx="0.000000" m_ty="0.000000"/>
  </frame>
  <frame idx="400" w="152" h="249" x="1.765690" y="-73.741188">
   <element name="images" layername="images" frame="3" z_index="8" m_a="1.000000" m_b="0.000000" m_c="0.000000" m_d="1.000000" m_tx="0.000000" m_ty="0.000000"/>
  </frame>
  <frame idx="425" w="152" h="249" x="1.765690" y="-73.741188">
   <element name="images" layername="images" frame="3" z_index="8" m_a="1.000000" m_b="0.000000" m_c="0.000000" m_d="1.000000" m_tx="0.000000" m_ty="0.000000"/>
  </frame>
  <frame idx="450" w="152" h="249" x="1.765690" y="-73.741188">
   <element name="images" layername="images" frame="3" z_index="8" m_a="1.000000" m_b="0.000000" m_c="0.000000" m_d="1.000000" m_tx="0.000000" m_ty="0.000000"/>
  </frame>
  <frame idx="475" w="152" h="249" x="1.765690" y="-73.741188">
   <element name="images" layername="images" frame="3" z_index="8" m_a="1.000000" m_b="0.000000" m_c="0.000000" m_d="1.000000" m_tx="0.000000" m_ty="0.000000"/>
  </frame>
  <frame idx="500" w="152" h="249" x="1.765690" y="-73.741188">
   <element name="images" layername="images" frame="3" z_index="8" m_a="1.000000" m_b="0.000000" m_c="0.000000" m_d="1.000000" m_tx="0.000000" m_ty="0.000000"/>
  </frame>
  <frame idx="525" w="152" h="249" x="1.765690" y="-73.741188">
   <element name="images" layername="images" frame="3" z_index="8" m_a="1.000000" m_b="0.000000" m_c="0.000000" m_d="1.000000" m_tx="0.000000" m_ty="0.000000"/>
  </frame>
  <frame idx="550" w="152" h="249" x="1.765690" y="-73.741188">
   <element name="images" layername="images" frame="3" z_index="8" m_a="1.000000" m_b="0.000000" m_c="0.000000" m_d="1.000000" m_tx="0.000000" m_ty="0.000000"/>
  </frame>
  <frame idx="575" w="152" h="249" x="1.765690" y="-73.741188">
   <element name="images" layername="images" frame="3" z_index="8" m_a="1.000000" m_b="0.000000" m_c="0.000000" m_d="1.000000" m_tx="0.000000" m_ty="0.000000"/>
  </frame>
  <frame idx="600" w="152" h="249" x="1.765690" y="-73.741188">
   <element name="images" layername="images" frame="3" z_index="8" m_a="1.000000" m_b="0.000000" m_c="0.000000" m_d="1.000000" m_tx="0.000000" m_ty="0.000000"/>
  </frame>
  <frame idx="625" w="152" h="249" x="1.765690" y="-73.741188">
   <element name="images" layername="images" frame="3" z_index="8" m_a="1.000000" m_b="0.000000" m_c="0.000000" m_d="1.000000" m_tx="0.000000" m_ty="0.000000"/>
  </frame>
  <frame idx="650" w="152" h="249" x="1.765690" y="-73.741188">
   <element name="images" layername="images" frame="3" z_index="8" m_a="1.000000" m_b="0.000000" m_c="0.000000" m_d="1.000000" m_tx="0.000000" m_ty="0.000000"/>
  </frame>
  <frame idx="675" w="152" h="249" x="1.765690" y="-73.741188">
   <element name="images" layername="images" frame="3" z_index="8" m_a="1.000000" m_b="0.000000" m_c="0.000000" m_d="1.000000" m_tx="0.000000" m_ty="0.000000"/>
  </frame>
  <frame idx="700" w="152" h="249" x="1.765690" y="-73.741188">
   <element name="images" layername="images" frame="3" z_index="8" m_a="1.000000" m_b="0.000000" m_c="0.000000" m_d="1.000000" m_tx="0.000000" m_ty="0.000000"/>
  </frame>
  <frame idx="725" w="152" h="249" x="1.765690" y="-73.741188">
   <element name="images" layername="images" frame="3" z_index="8" m_a="1.000000" m_b="0.000000" m_c="0.000000" m_d="1.000000" m_tx="0.000000" m_ty="0.000000"/>
  </frame>
  <frame idx="750" w="152" h="249" x="1.765690" y="-73.741188">
   <element name="images" layername="images" frame="3" z_index="8" m_a="1.000000" m_b="0.000000" m_c="0.000000" m_d="1.000000" m_tx="0.000000" m_ty="0.000000"/>
  </frame>
  <frame idx="775" w="152" h="249" x="1.765690" y="-73.741188">
   <element name="images" layername="images" frame="3" z_index="8" m_a="1.000000" m_b="0.000000" m_c="0.000000" m_d="1.000000" m_tx="0.000000" m_ty="0.000000"/>
  </frame>
  <frame idx="800" w="152" h="249" x="1.765690" y="-73.741188">
   <element name="images" layername="images" frame="3" z_index="8" m_a="1.000000" m_b="0.000000" m_c="0.000000" m_d="1.000000" m_tx="0.000000" m_ty="0.000000"/>
  </frame>
  <frame idx="825" w="152" h="249" x="1.765690" y="-73.741188">
   <element name="images" layername="images" frame="3" z_index="8" m_a="1.000000" m_b="0.000000" m_c="0.000000" m_d="1.000000" m_tx="0.000000" m_ty="0.000000"/>
  </frame>
  <frame idx="850" w="152" h="249" x="1.765690" y="-73.741188">
   <element name="images" layername="images" frame="3" z_index="8" m_a="1.000000" m_b="0.000000" m_c="0.000000" m_d="1.000000" m_tx="0.000000" m_ty="0.000000"/>
  </frame>
  <frame idx="875" w="152" h="249" x="1.765690" y="-73.741188">
   <element name="images" layername="images" frame="3" z_index="8" m_a="1.000000" m_b="0.000000" m_c="0.000000" m_d="1.000000" m_tx="0.000000" m_ty="0.000000"/>
  </frame>
  <frame idx="900" w="152" h="249" x="1.765690" y="-73.741188">
   <element name="images" layername="images" frame="3" z_index="8" m_a="1.000000" m_b="0.000000" m_c="0.000000" m_d="1.000000" m_tx="0.000000" m_ty="0.000000"/>
  </frame>
  <frame idx="925" w="152" h="249" x="1.765690" y="-73.741188">
   <element name="images" layername="images" frame="3" z_index="8" m_a="1.000000" m_b="0.000000" m_c="0.000000" m_d="1.000000" m_tx="0.000000" m_ty="0.000000"/>
  </frame>
  <frame idx="950" w="152" h="249" x="1.765690" y="-73.741188">
   <element name="images" layername="images" frame="3" z_index="8" m_a="1.000000" m_b="0.000000" m_c="0.000000" m_d="1.000000" m_tx="0.000000" m_ty="0.000000"/>
  </frame>
  <frame idx="975" w="152" h="249" x="1.765690" y="-73.741188">
   <element name="images" layername="images" frame="3" z_index="8" m_a="1.000000" m_b="0.000000" m_c="0.000000" m_d="1.000000" m_tx="0.000000" m_ty="0.000000"/>
  </frame>
 </anim>
 <anim name="arma2_90s" root="salo" numframes="1000" framerate="40">
  <frame idx="0" w="142" h="412" x="9.633297" y="-131.632675">
   <element name="images" layername="images" frame="2" z_index="8" m_a="1.000000" m_b="0.000000" m_c="0.000000" m_d="1.000000" m_tx="0.000000" m_ty="0.000000"/>
  </frame>
  <frame idx="25" w="142" h="412" x="9.633297" y="-131.632675">
   <element name="images" layername="images" frame="2" z_index="8" m_a="1.000000" m_b="0.000000" m_c="0.000000" m_d="1.000000" m_tx="0.000000" m_ty="0.000000"/>
  </frame>
  <frame idx="50" w="142" h="412" x="9.633297" y="-131.632675">
   <element name="images" layername="images" frame="2" z_index="8" m_a="1.000000" m_b="0.000000" m_c="0.000000" m_d="1.000000" m_tx="0.000000" m_ty="0.000000"/>
  </frame>
  <frame idx="75" w="142" h="412" x="9.633297" y="-131.632675">
   <element name="images" layername="images" frame="2" z_index="8" m_a="1.000000" m_b="0.000000" m_c="0.000000" m_d="1.000000" m_tx="0.000000" m_ty="0.000000"/>
  </frame>
  <frame idx="100" w="142" h="412" x="9.633297" y="-131.632675">
   <element name="images" layername="images" frame="2" z_index="8" m_a="1.000000" m_b="0.000000" m_c="0.000000" m_d="1.000000" m_tx="0.000000" m_ty="0.000000"/>
  </frame>
  <frame idx="125" w="142" h="412" x="9.633297" y="-131.632675">
   <element name="images" layername="images" frame="2" z_index="8" m_a="1.000000" m_b="0.000000" m_c="0.000000" m_d="1.000000" m_tx="0.000000" m_ty="0.000000"/>
  </frame>
  <frame idx="150" w="142" h="412" x="9.633297" y="-131.632675">
   <element name="images" layername="images" frame="2" z_index="8" m_a="1.000000" m_b="0.000000" m_c="0.000000" m_d="1.000000" m_tx="0.000000" m_ty="0.000000"/>
  </frame>
  <frame idx="175" w="142" h="412" x="9.633297" y="-131.632675">
   <element name="images" layername="images" frame="2" z_index="8" m_a="1.000000" m_b="0.000000" m_c="0.000000" m_d="1.000000" m_tx="0.000000" m_ty="0.000000"/>
  </frame>
  <frame idx="200" w="142" h="412" x="9.633297" y="-131.632675">
   <element name="images" layername="images" frame="2" z_index="8" m_a="1.000000" m_b="0.000000" m_c="0.000000" m_d="1.000000" m_tx="0.000000" m_ty="0.000000"/>
  </frame>
  <frame idx="225" w="142" h="412" x="9.633297" y="-131.632675">
   <element name="images" layername="images" frame="2" z_index="8" m_a="1.000000" m_b="0.000000" m_c="0.000000" m_d="1.000000" m_tx="0.000000" m_ty="0.000000"/>
  </frame>
  <frame idx="250" w="142" h="412" x="9.633297" y="-131.632675">
   <element name="images" layername="images" frame="2" z_index="8" m_a="1.000000" m_b="0.000000" m_c="0.000000" m_d="1.000000" m_tx="0.000000" m_ty="0.000000"/>
  </frame>
  <frame idx="275" w="142" h="412" x="9.633297" y="-131.632675">
   <element name="images" layername="images" frame="2" z_index="8" m_a="1.000000" m_b="0.000000" m_c="0.000000" m_d="1.000000" m_tx="0.000000" m_ty="0.000000"/>
  </frame>
  <frame idx="300" w="142" h="412" x="9.633297" y="-131.632675">
   <element name="images" layername="images" frame="2" z_index="8" m_a="1.000000" m_b="0.000000" m_c="0.000000" m_d="1.000000" m_tx="0.000000" m_ty="0.000000"/>
  </frame>
  <frame idx="325" w="142" h="412" x="9.633297" y="-131.632675">
   <element name="images" layername="images" frame="2" z_index="8" m_a="1.000000" m_b="0.000000" m_c="0.000000" m_d="1.000000" m_tx="0.000000" m_ty="0.000000"/>
  </frame>
  <frame idx="350" w="142" h="412" x="9.633297" y="-131.632675">
   <element name="images" layername="images" frame="2" z_index="8" m_a="1.000000" m_b="0.000000" m_c="0.000000" m_d="1.000000" m_tx="0.000000" m_ty="0.000000"/>
  </frame>
  <frame idx="375" w="142" h="412" x="9.633297" y="-131.632675">
   <element name="images" layername="images" frame="2" z_index="8" m_a="1.000000" m_b="0.000000" m_c="0.000000" m_d="1.000000" m_tx="0.000000" m_ty="0.000000"/>
  </frame>
  <frame idx="400" w="142" h="412" x="9.633297" y="-131.632675">
   <element name="images" layername="images" frame="2" z_index="8" m_a="1.000000" m_b="0.000000" m_c="0.000000" m_d="1.000000" m_tx="0.000000" m_ty="0.000000"/>
  </frame>
  <frame idx="425" w="142" h="412" x="9.633297" y="-131.632675">
   <element name="images" layername="images" frame="2" z_index="8" m_a="1.000000" m_b="0.000000" m_c="0.000000" m_d="1.000000" m_tx="0.000000" m_ty="0.000000"/>
  </frame>
  <frame idx="450" w="142" h="412" x="9.633297" y="-131.632675">
   <element name="images" layername="images" frame="2" z_index="8" m_a="1.000000" m_b="0.000000" m_c="0.000000" m_d="1.000000" m_tx="0.000000" m_ty="0.000000"/>
  </frame>
  <frame idx="475" w="142" h="412" x="9.633297" y="-131.632675">
   <element name="images" layername="images" frame="2" z_index="8" m_a="1.000000" m_b="0.000000" m_c="0.000000" m_d="1.000000" m_tx="0.000000" m_ty="0.000000"/>
  </frame>
  <frame idx="500" w="142" h="412" x="9.633297" y="-131.632675">
   <element name="images" layername="images" frame="2" z_index="8" m_a="1.000000" m_b="0.000000" m_c="0.000000" m_d="1.000000" m_tx="0.000000" m_ty="0.000000"/>
  </frame>
  <frame idx="525" w="142" h="412" x="9.633297" y="-131.632675">
   <element name="images" layername="images" frame="2" z_index="8" m_a="1.000000" m_b="0.000000" m_c="0.000000" m_d="1.000000" m_tx="0.000000" m_ty="0.000000"/>
  </frame>
  <frame idx="550" w="142" h="412" x="9.633297" y="-131.632675">
   <element name="images" layername="images" frame="2" z_index="8" m_a="1.000000" m_b="0.000000" m_c="0.000000" m_d="1.000000" m_tx="0.000000" m_ty="0.000000"/>
  </frame>
  <frame idx="575" w="142" h="412" x="9.633297" y="-131.632675">
   <element name="images" layername="images" frame="2" z_index="8" m_a="1.000000" m_b="0.000000" m_c="0.000000" m_d="1.000000" m_tx="0.000000" m_ty="0.000000"/>
  </frame>
  <frame idx="600" w="142" h="412" x="9.633297" y="-131.632675">
   <element name="images" layername="images" frame="2" z_index="8" m_a="1.000000" m_b="0.000000" m_c="0.000000" m_d="1.000000" m_tx="0.000000" m_ty="0.000000"/>
  </frame>
  <frame idx="625" w="142" h="412" x="9.633297" y="-131.632675">
   <element name="images" layername="images" frame="2" z_index="8" m_a="1.000000" m_b="0.000000" m_c="0.000000" m_d="1.000000" m_tx="0.000000" m_ty="0.000000"/>
  </frame>
  <frame idx="650" w="142" h="412" x="9.633297" y="-131.632675">
   <element name="images" layername="images" frame="2" z_index="8" m_a="1.000000" m_b="0.000000" m_c="0.000000" m_d="1.000000" m_tx="0.000000" m_ty="0.000000"/>
  </frame>
  <frame idx="675" w="142" h="412" x="9.633297" y="-131.632675">
   <element name="images" layername="images" frame="2" z_index="8" m_a="1.000000" m_b="0.000000" m_c="0.000000" m_d="1.000000" m_tx="0.000000" m_ty="0.000000"/>
  </frame>
  <frame idx="700" w="142" h="412" x="9.633297" y="-131.632675">
   <element name="images" layername="images" frame="2" z_index="8" m_a="1.000000" m_b="0.000000" m_c="0.000000" m_d="1.000000" m_tx="0.000000" m_ty="0.000000"/>
  </frame>
  <frame idx="725" w="142" h="412" x="9.633297" y="-131.632675">
   <element name="images" layername="images" frame="2" z_index="8" m_a="1.000000" m_b="0.000000" m_c="0.000000" m_d="1.000000" m_tx="0.000000" m_ty="0.000000"/>
  </frame>
  <frame idx="750" w="142" h="412" x="9.633297" y="-131.632675">
   <element name="images" layername="images" frame="2" z_index="8" m_a="1.000000" m_b="0.000000" m_c="0.000000" m_d="1.000000" m_tx="0.000000" m_ty="0.000000"/>
  </frame>
  <frame idx="775" w="142" h="412" x="9.633297" y="-131.632675">
   <element name="images" layername="images" frame="2" z_index="8" m_a="1.000000" m_b="0.000000" m_c="0.000000" m_d="1.000000" m_tx="0.000000" m_ty="0.000000"/>
  </frame>
  <frame idx="800" w="142" h="412" x="9.633297" y="-131.632675">
   <element name="images" layername="images" frame="2" z_index="8" m_a="1.000000" m_b="0.000000" m_c="0.000000" m_d="1.000000" m_tx="0.000000" m_ty="0.000000"/>
  </frame>
  <frame idx="825" w="142" h="412" x="9.633297" y="-131.632675">
   <element name="images" layername="images" frame="2" z_index="8" m_a="1.000000" m_b="0.000000" m_c="0.000000" m_d="1.000000" m_tx="0.000000" m_ty="0.000000"/>
  </frame>
  <frame idx="850" w="142" h="412" x="9.633297" y="-131.632675">
   <element name="images" layername="images" frame="2" z_index="8" m_a="1.000000" m_b="0.000000" m_c="0.000000" m_d="1.000000" m_tx="0.000000" m_ty="0.000000"/>
  </frame>
  <frame idx="875" w="142" h="412" x="9.633297" y="-131.632675">
   <element name="images" layername="images" frame="2" z_index="8" m_a="1.000000" m_b="0.000000" m_c="0.000000" m_d="1.000000" m_tx="0.000000" m_ty="0.000000"/>
  </frame>
  <frame idx="900" w="142" h="412" x="9.633297" y="-131.632675">
   <element name="images" layername="images" frame="2" z_index="8" m_a="1.000000" m_b="0.000000" m_c="0.000000" m_d="1.000000" m_tx="0.000000" m_ty="0.000000"/>
  </frame>
  <frame idx="925" w="142" h="412" x="9.633297" y="-131.632675">
   <element name="images" layername="images" frame="2" z_index="8" m_a="1.000000" m_b="0.000000" m_c="0.000000" m_d="1.000000" m_tx="0.000000" m_ty="0.000000"/>
  </frame>
  <frame idx="950" w="142" h="412" x="9.633297" y="-131.632675">
   <element name="images" layername="images" frame="2" z_index="8" m_a="1.000000" m_b="0.000000" m_c="0.000000" m_d="1.000000" m_tx="0.000000" m_ty="0.000000"/>
  </frame>
  <frame idx="975" w="142" h="412" x="9.633297" y="-131.632675">
   <element name="images" layername="images" frame="2" z_index="8" m_a="1.000000" m_b="0.000000" m_c="0.000000" m_d="1.000000" m_tx="0.000000" m_ty="0.000000"/>
  </frame>
 </anim>
 <anim name="arma3_90s" root="salo" numframes="1000" framerate="40">
  <frame idx="0" w="142" h="452" x="6.683296" y="-141.680420">
   <element name="images" layername="images" frame="1" z_index="8" m_a="1.000000" m_b="0.000000" m_c="0.000000" m_d="1.000000" m_tx="0.000000" m_ty="0.000000"/>
  </frame>
  <frame idx="25" w="142" h="452" x="6.683296" y="-141.680420">
   <element name="images" layername="images" frame="1" z_index="8" m_a="1.000000" m_b="0.000000" m_c="0.000000" m_d="1.000000" m_tx="0.000000" m_ty="0.000000"/>
  </frame>
  <frame idx="50" w="142" h="452" x="6.683296" y="-141.680420">
   <element name="images" layername="images" frame="1" z_index="8" m_a="1.000000" m_b="0.000000" m_c="0.000000" m_d="1.000000" m_tx="0.000000" m_ty="0.000000"/>
  </frame>
  <frame idx="75" w="142" h="452" x="6.683296" y="-141.680420">
   <element name="images" layername="images" frame="1" z_index="8" m_a="1.000000" m_b="0.000000" m_c="0.000000" m_d="1.000000" m_tx="0.000000" m_ty="0.000000"/>
  </frame>
  <frame idx="100" w="142" h="452" x="6.683296" y="-141.680420">
   <element name="images" layername="images" frame="1" z_index="8" m_a="1.000000" m_b="0.000000" m_c="0.000000" m_d="1.000000" m_tx="0.000000" m_ty="0.000000"/>
  </frame>
  <frame idx="125" w="142" h="452" x="6.683296" y="-141.680420">
   <element name="images" layername="images" frame="1" z_index="8" m_a="1.000000" m_b="0.000000" m_c="0.000000" m_d="1.000000" m_tx="0.000000" m_ty="0.000000"/>
  </frame>
  <frame idx="150" w="142" h="452" x="6.683296" y="-141.680420">
   <element name="images" layername="images" frame="1" z_index="8" m_a="1.000000" m_b="0.000000" m_c="0.000000" m_d="1.000000" m_tx="0.000000" m_ty="0.000000"/>
  </frame>
  <frame idx="175" w="142" h="452" x="6.683296" y="-141.680420">
   <element name="images" layername="images" frame="1" z_index="8" m_a="1.000000" m_b="0.000000" m_c="0.000000" m_d="1.000000" m_tx="0.000000" m_ty="0.000000"/>
  </frame>
  <frame idx="200" w="142" h="452" x="6.683296" y="-141.680420">
   <element name="images" layername="images" frame="1" z_index="8" m_a="1.000000" m_b="0.000000" m_c="0.000000" m_d="1.000000" m_tx="0.000000" m_ty="0.000000"/>
  </frame>
  <frame idx="225" w="142" h="452" x="6.683296" y="-141.680420">
   <element name="images" layername="images" frame="1" z_index="8" m_a="1.000000" m_b="0.000000" m_c="0.000000" m_d="1.000000" m_tx="0.000000" m_ty="0.000000"/>
  </frame>
  <frame idx="250" w="142" h="452" x="6.683296" y="-141.680420">
   <element name="images" layername="images" frame="1" z_index="8" m_a="1.000000" m_b="0.000000" m_c="0.000000" m_d="1.000000" m_tx="0.000000" m_ty="0.000000"/>
  </frame>
  <frame idx="275" w="142" h="452" x="6.683296" y="-141.680420">
   <element name="images" layername="images" frame="1" z_index="8" m_a="1.000000" m_b="0.000000" m_c="0.000000" m_d="1.000000" m_tx="0.000000" m_ty="0.000000"/>
  </frame>
  <frame idx="300" w="142" h="452" x="6.683296" y="-141.680420">
   <element name="images" layername="images" frame="1" z_index="8" m_a="1.000000" m_b="0.000000" m_c="0.000000" m_d="1.000000" m_tx="0.000000" m_ty="0.000000"/>
  </frame>
  <frame idx="325" w="142" h="452" x="6.683296" y="-141.680420">
   <element name="images" layername="images" frame="1" z_index="8" m_a="1.000000" m_b="0.000000" m_c="0.000000" m_d="1.000000" m_tx="0.000000" m_ty="0.000000"/>
  </frame>
  <frame idx="350" w="142" h="452" x="6.683296" y="-141.680420">
   <element name="images" layername="images" frame="1" z_index="8" m_a="1.000000" m_b="0.000000" m_c="0.000000" m_d="1.000000" m_tx="0.000000" m_ty="0.000000"/>
  </frame>
  <frame idx="375" w="142" h="452" x="6.683296" y="-141.680420">
   <element name="images" layername="images" frame="1" z_index="8" m_a="1.000000" m_b="0.000000" m_c="0.000000" m_d="1.000000" m_tx="0.000000" m_ty="0.000000"/>
  </frame>
  <frame idx="400" w="142" h="452" x="6.683296" y="-141.680420">
   <element name="images" layername="images" frame="1" z_index="8" m_a="1.000000" m_b="0.000000" m_c="0.000000" m_d="1.000000" m_tx="0.000000" m_ty="0.000000"/>
  </frame>
  <frame idx="425" w="142" h="452" x="6.683296" y="-141.680420">
   <element name="images" layername="images" frame="1" z_index="8" m_a="1.000000" m_b="0.000000" m_c="0.000000" m_d="1.000000" m_tx="0.000000" m_ty="0.000000"/>
  </frame>
  <frame idx="450" w="142" h="452" x="6.683296" y="-141.680420">
   <element name="images" layername="images" frame="1" z_index="8" m_a="1.000000" m_b="0.000000" m_c="0.000000" m_d="1.000000" m_tx="0.000000" m_ty="0.000000"/>
  </frame>
  <frame idx="475" w="142" h="452" x="6.683296" y="-141.680420">
   <element name="images" layername="images" frame="1" z_index="8" m_a="1.000000" m_b="0.000000" m_c="0.000000" m_d="1.000000" m_tx="0.000000" m_ty="0.000000"/>
  </frame>
  <frame idx="500" w="142" h="452" x="6.683296" y="-141.680420">
   <element name="images" layername="images" frame="1" z_index="8" m_a="1.000000" m_b="0.000000" m_c="0.000000" m_d="1.000000" m_tx="0.000000" m_ty="0.000000"/>
  </frame>
  <frame idx="525" w="142" h="452" x="6.683296" y="-141.680420">
   <element name="images" layername="images" frame="1" z_index="8" m_a="1.000000" m_b="0.000000" m_c="0.000000" m_d="1.000000" m_tx="0.000000" m_ty="0.000000"/>
  </frame>
  <frame idx="550" w="142" h="452" x="6.683296" y="-141.680420">
   <element name="images" layername="images" frame="1" z_index="8" m_a="1.000000" m_b="0.000000" m_c="0.000000" m_d="1.000000" m_tx="0.000000" m_ty="0.000000"/>
  </frame>
  <frame idx="575" w="142" h="452" x="6.683296" y="-141.680420">
   <element name="images" layername="images" frame="1" z_index="8" m_a="1.000000" m_b="0.000000" m_c="0.000000" m_d="1.000000" m_tx="0.000000" m_ty="0.000000"/>
  </frame>
  <frame idx="600" w="142" h="452" x="6.683296" y="-141.680420">
   <element name="images" layername="images" frame="1" z_index="8" m_a="1.000000" m_b="0.000000" m_c="0.000000" m_d="1.000000" m_tx="0.000000" m_ty="0.000000"/>
  </frame>
  <frame idx="625" w="142" h="452" x="6.683296" y="-141.680420">
   <element name="images" layername="images" frame="1" z_index="8" m_a="1.000000" m_b="0.000000" m_c="0.000000" m_d="1.000000" m_tx="0.000000" m_ty="0.000000"/>
  </frame>
  <frame idx="650" w="142" h="452" x="6.683296" y="-141.680420">
   <element name="images" layername="images" frame="1" z_index="8" m_a="1.000000" m_b="0.000000" m_c="0.000000" m_d="1.000000" m_tx="0.000000" m_ty="0.000000"/>
  </frame>
  <frame idx="675" w="142" h="452" x="6.683296" y="-141.680420">
   <element name="images" layername="images" frame="1" z_index="8" m_a="1.000000" m_b="0.000000" m_c="0.000000" m_d="1.000000" m_tx="0.000000" m_ty="0.000000"/>
  </frame>
  <frame idx="700" w="142" h="452" x="6.683296" y="-141.680420">
   <element name="images" layername="images" frame="1" z_index="8" m_a="1.000000" m_b="0.000000" m_c="0.000000" m_d="1.000000" m_tx="0.000000" m_ty="0.000000"/>
  </frame>
  <frame idx="725" w="142" h="452" x="6.683296" y="-141.680420">
   <element name="images" layername="images" frame="1" z_index="8" m_a="1.000000" m_b="0.000000" m_c="0.000000" m_d="1.000000" m_tx="0.000000" m_ty="0.000000"/>
  </frame>
  <frame idx="750" w="142" h="452" x="6.683296" y="-141.680420">
   <element name="images" layername="images" frame="1" z_index="8" m_a="1.000000" m_b="0.000000" m_c="0.000000" m_d="1.000000" m_tx="0.000000" m_ty="0.000000"/>
  </frame>
  <frame idx="775" w="142" h="452" x="6.683296" y="-141.680420">
   <element name="images" layername="images" frame="1" z_index="8" m_a="1.000000" m_b="0.000000" m_c="0.000000" m_d="1.000000" m_tx="0.000000" m_ty="0.000000"/>
  </frame>
  <frame idx="800" w="142" h="452" x="6.683296" y="-141.680420">
   <element name="images" layername="images" frame="1" z_index="8" m_a="1.000000" m_b="0.000000" m_c="0.000000" m_d="1.000000" m_tx="0.000000" m_ty="0.000000"/>
  </frame>
  <frame idx="825" w="142" h="452" x="6.683296" y="-141.680420">
   <element name="images" layername="images" frame="1" z_index="8" m_a="1.000000" m_b="0.000000" m_c="0.000000" m_d="1.000000" m_tx="0.000000" m_ty="0.000000"/>
  </frame>
  <frame idx="850" w="142" h="452" x="6.683296" y="-141.680420">
   <element name="images" layername="images" frame="1" z_index="8" m_a="1.000000" m_b="0.000000" m_c="0.000000" m_d="1.000000" m_tx="0.000000" m_ty="0.000000"/>
  </frame>
  <frame idx="875" w="142" h="452" x="6.683296" y="-141.680420">
   <element name="images" layername="images" frame="1" z_index="8" m_a="1.000000" m_b="0.000000" m_c="0.000000" m_d="1.000000" m_tx="0.000000" m_ty="0.000000"/>
  </frame>
  <frame idx="900" w="142" h="452" x="6.683296" y="-141.680420">
   <element name="images" layername="images" frame="1" z_index="8" m_a="1.000000" m_b="0.000000" m_c="0.000000" m_d="1.000000" m_tx="0.000000" m_ty="0.000000"/>
  </frame>
  <frame idx="925" w="142" h="452" x="6.683296" y="-141.680420">
   <element name="images" layername="images" frame="1" z_index="8" m_a="1.000000" m_b="0.000000" m_c="0.000000" m_d="1.000000" m_tx="0.000000" m_ty="0.000000"/>
  </frame>
  <frame idx="950" w="142" h="452" x="6.683296" y="-141.680420">
   <element name="images" layername="images" frame="1" z_index="8" m_a="1.000000" m_b="0.000000" m_c="0.000000" m_d="1.000000" m_tx="0.000000" m_ty="0.000000"/>
  </frame>
  <frame idx="975" w="142" h="452" x="6.683296" y="-141.680420">
   <element name="images" layername="images" frame="1" z_index="8" m_a="1.000000" m_b="0.000000" m_c="0.000000" m_d="1.000000" m_tx="0.000000" m_ty="0.000000"/>
  </frame>
 </anim>
 <anim name="gum_90s" root="salo" numframes="1000" framerate="40">
  <frame idx="0" w="125" h="80" x="-10.500000" y="-8.712383">
   <element name="images" layername="images" frame="7" z_index="8" m_a="0.700000" m_b="0.000000" m_c="0.000000" m_d="0.700000" m_tx="0.000000" m_ty="0.000000"/>
  </frame>
  <frame idx="25" w="125" h="80" x="-10.500000" y="-8.712383">
   <element name="images" layername="images" frame="7" z_index="8" m_a="0.700000" m_b="0.000000" m_c="0.000000" m_d="0.700000" m_tx="0.000000" m_ty="0.000000"/>
  </frame>
  <frame idx="50" w="125" h="80" x="-10.500000" y="-8.712383">
   <element name="images" layername="images" frame="7" z_index="8" m_a="0.700000" m_b="0.000000" m_c="0.000000" m_d="0.700000" m_tx="0.000000" m_ty="0.000000"/>
  </frame>
  <frame idx="75" w="125" h="80" x="-10.500000" y="-8.712383">
   <element name="images" layername="images" frame="7" z_index="8" m_a="0.700000" m_b="0.000000" m_c="0.000000" m_d="0.700000" m_tx="0.000000" m_ty="0.000000"/>
  </frame>
  <frame idx="100" w="125" h="80" x="-10.500000" y="-8.712383">
   <element name="images" layername="images" frame="7" z_index="8" m_a="0.700000" m_b="0.000000" m_c="0.000000" m_d="0.700000" m_tx="0.000000" m_ty="0.000000"/>
  </frame>
  <frame idx="125" w="125" h="80" x="-10.500000" y="-8.712383">
   <element name="images" layername="images" frame="7" z_index="8" m_a="0.700000" m_b="0.000000" m_c="0.000000" m_d="0.700000" m_tx="0.000000" m_ty="0.000000"/>
  </frame>
  <frame idx="150" w="125" h="80" x="-10.500000" y="-8.712383">
   <element name="images" layername="images" frame="7" z_index="8" m_a="0.700000" m_b="0.000000" m_c="0.000000" m_d="0.700000" m_tx="0.000000" m_ty="0.000000"/>
  </frame>
  <frame idx="175" w="125" h="80" x="-10.500000" y="-8.712383">
   <element name="images" layername="images" frame="7" z_index="8" m_a="0.700000" m_b="0.000000" m_c="0.000000" m_d="0.700000" m_tx="0.000000" m_ty="0.000000"/>
  </frame>
  <frame idx="200" w="125" h="80" x="-10.500000" y="-8.712383">
   <element name="images" layername="images" frame="7" z_index="8" m_a="0.700000" m_b="0.000000" m_c="0.000000" m_d="0.700000" m_tx="0.000000" m_ty="0.000000"/>
  </frame>
  <frame idx="225" w="125" h="80" x="-10.500000" y="-8.712383">
   <element name="images" layername="images" frame="7" z_index="8" m_a="0.700000" m_b="0.000000" m_c="0.000000" m_d="0.700000" m_tx="0.000000" m_ty="0.000000"/>
  </frame>
  <frame idx="250" w="125" h="80" x="-10.500000" y="-8.712383">
   <element name="images" layername="images" frame="7" z_index="8" m_a="0.700000" m_b="0.000000" m_c="0.000000" m_d="0.700000" m_tx="0.000000" m_ty="0.000000"/>
  </frame>
  <frame idx="275" w="125" h="80" x="-10.500000" y="-8.712383">
   <element name="images" layername="images" frame="7" z_index="8" m_a="0.700000" m_b="0.000000" m_c="0.000000" m_d="0.700000" m_tx="0.000000" m_ty="0.000000"/>
  </frame>
  <frame idx="300" w="125" h="80" x="-10.500000" y="-8.712383">
   <element name="images" layername="images" frame="7" z_index="8" m_a="0.700000" m_b="0.000000" m_c="0.000000" m_d="0.700000" m_tx="0.000000" m_ty="0.000000"/>
  </frame>
  <frame idx="325" w="125" h="80" x="-10.500000" y="-8.712383">
   <element name="images" layername="images" frame="7" z_index="8" m_a="0.700000" m_b="0.000000" m_c="0.000000" m_d="0.700000" m_tx="0.000000" m_ty="0.000000"/>
  </frame>
  <frame idx="350" w="125" h="80" x="-10.500000" y="-8.712383">
   <element name="images" layername="images" frame="7" z_index="8" m_a="0.700000" m_b="0.000000" m_c="0.000000" m_d="0.700000" m_tx="0.000000" m_ty="0.000000"/>
  </frame>
  <frame idx="375" w="125" h="80" x="-10.500000" y="-8.712383">
   <element name="images" layername="images" frame="7" z_index="8" m_a="0.700000" m_b="0.000000" m_c="0.000000" m_d="0.700000" m_tx="0.000000" m_ty="0.000000"/>
  </frame>
  <frame idx="400" w="125" h="80" x="-10.500000" y="-8.712383">
   <element name="images" layername="images" frame="7" z_index="8" m_a="0.700000" m_b="0.000000" m_c="0.000000" m_d="0.700000" m_tx="0.000000" m_ty="0.000000"/>
  </frame>
  <frame idx="425" w="125" h="80" x="-10.500000" y="-8.712383">
   <element name="images" layername="images" frame="7" z_index="8" m_a="0.700000" m_b="0.000000" m_c="0.000000" m_d="0.700000" m_tx="0.000000" m_ty="0.000000"/>
  </frame>
  <frame idx="450" w="125" h="80" x="-10.500000" y="-8.712383">
   <element name="images" layername="images" frame="7" z_index="8" m_a="0.700000" m_b="0.000000" m_c="0.000000" m_d="0.700000" m_tx="0.000000" m_ty="0.000000"/>
  </frame>
  <frame idx="475" w="125" h="80" x="-10.500000" y="-8.712383">
   <element name="images" layername="images" frame="7" z_index="8" m_a="0.700000" m_b="0.000000" m_c="0.000000" m_d="0.700000" m_tx="0.000000" m_ty="0.000000"/>
  </frame>
  <frame idx="500" w="125" h="80" x="-10.500000" y="-8.712383">
   <element name="images" layername="images" frame="7" z_index="8" m_a="0.700000" m_b="0.000000" m_c="0.000000" m_d="0.700000" m_tx="0.000000" m_ty="0.000000"/>
  </frame>
  <frame idx="525" w="125" h="80" x="-10.500000" y="-8.712383">
   <element name="images" layername="images" frame="7" z_index="8" m_a="0.700000" m_b="0.000000" m_c="0.000000" m_d="0.700000" m_tx="0.000000" m_ty="0.000000"/>
  </frame>
  <frame idx="550" w="125" h="80" x="-10.500000" y="-8.712383">
   <element name="images" layername="images" frame="7" z_index="8" m_a="0.700000" m_b="0.000000" m_c="0.000000" m_d="0.700000" m_tx="0.000000" m_ty="0.000000"/>
  </frame>
  <frame idx="575" w="125" h="80" x="-10.500000" y="-8.712383">
   <element name="images" layername="images" frame="7" z_index="8" m_a="0.700000" m_b="0.000000" m_c="0.000000" m_d="0.700000" m_tx="0.000000" m_ty="0.000000"/>
  </frame>
  <frame idx="600" w="125" h="80" x="-10.500000" y="-8.712383">
   <element name="images" layername="images" frame="7" z_index="8" m_a="0.700000" m_b="0.000000" m_c="0.000000" m_d="0.700000" m_tx="0.000000" m_ty="0.000000"/>
  </frame>
  <frame idx="625" w="125" h="80" x="-10.500000" y="-8.712383">
   <element name="images" layername="images" frame="7" z_index="8" m_a="0.700000" m_b="0.000000" m_c="0.000000" m_d="0.700000" m_tx="0.000000" m_ty="0.000000"/>
  </frame>
  <frame idx="650" w="125" h="80" x="-10.500000" y="-8.712383">
   <element name="images" layername="images" frame="7" z_index="8" m_a="0.700000" m_b="0.000000" m_c="0.000000" m_d="0.700000" m_tx="0.000000" m_ty="0.000000"/>
  </frame>
  <frame idx="675" w="125" h="80" x="-10.500000" y="-8.712383">
   <element name="images" layername="images" frame="7" z_index="8" m_a="0.700000" m_b="0.000000" m_c="0.000000" m_d="0.700000" m_tx="0.000000" m_ty="0.000000"/>
  </frame>
  <frame idx="700" w="125" h="80" x="-10.500000" y="-8.712383">
   <element name="images" layername="images" frame="7" z_index="8" m_a="0.700000" m_b="0.000000" m_c="0.000000" m_d="0.700000" m_tx="0.000000" m_ty="0.000000"/>
  </frame>
  <frame idx="725" w="125" h="80" x="-10.500000" y="-8.712383">
   <element name="images" layername="images" frame="7" z_index="8" m_a="0.700000" m_b="0.000000" m_c="0.000000" m_d="0.700000" m_tx="0.000000" m_ty="0.000000"/>
  </frame>
  <frame idx="750" w="125" h="80" x="-10.500000" y="-8.712383">
   <element name="images" layername="images" frame="7" z_index="8" m_a="0.700000" m_b="0.000000" m_c="0.000000" m_d="0.700000" m_tx="0.000000" m_ty="0.000000"/>
  </frame>
  <frame idx="775" w="125" h="80" x="-10.500000" y="-8.712383">
   <element name="images" layername="images" frame="7" z_index="8" m_a="0.700000" m_b="0.000000" m_c="0.000000" m_d="0.700000" m_tx="0.000000" m_ty="0.000000"/>
  </frame>
  <frame idx="800" w="125" h="80" x="-10.500000" y="-8.712383">
   <element name="images" layername="images" frame="7" z_index="8" m_a="0.700000" m_b="0.000000" m_c="0.000000" m_d="0.700000" m_tx="0.000000" m_ty="0.000000"/>
  </frame>
  <frame idx="825" w="125" h="80" x="-10.500000" y="-8.712383">
   <element name="images" layername="images" frame="7" z_index="8" m_a="0.700000" m_b="0.000000" m_c="0.000000" m_d="0.700000" m_tx="0.000000" m_ty="0.000000"/>
  </frame>
  <frame idx="850" w="125" h="80" x="-10.500000" y="-8.712383">
   <element name="images" layername="images" frame="7" z_index="8" m_a="0.700000" m_b="0.000000" m_c="0.000000" m_d="0.700000" m_tx="0.000000" m_ty="0.000000"/>
  </frame>
  <frame idx="875" w="125" h="80" x="-10.500000" y="-8.712383">
   <element name="images" layername="images" frame="7" z_index="8" m_a="0.700000" m_b="0.000000" m_c="0.000000" m_d="0.700000" m_tx="0.000000" m_ty="0.000000"/>
  </frame>
  <frame idx="900" w="125" h="80" x="-10.500000" y="-8.712383">
   <element name="images" layername="images" frame="7" z_index="8" m_a="0.700000" m_b="0.000000" m_c="0.000000" m_d="0.700000" m_tx="0.000000" m_ty="0.000000"/>
  </frame>
  <frame idx="925" w="125" h="80" x="-10.500000" y="-8.712383">
   <element name="images" layername="images" frame="7" z_index="8" m_a="0.700000" m_b="0.000000" m_c="0.000000" m_d="0.700000" m_tx="0.000000" m_ty="0.000000"/>
  </frame>
  <frame idx="950" w="125" h="80" x="-10.500000" y="-8.712383">
   <element name="images" layername="images" frame="7" z_index="8" m_a="0.700000" m_b="0.000000" m_c="0.000000" m_d="0.700000" m_tx="0.000000" m_ty="0.000000"/>
  </frame>
  <frame idx="975" w="125" h="80" x="-10.500000" y="-8.712383">
   <element name="images" layername="images" frame="7" z_index="8" m_a="0.700000" m_b="0.000000" m_c="0.000000" m_d="0.700000" m_tx="0.000000" m_ty="0.000000"/>
  </frame>
 </anim>
 <anim name="iron_90s" root="salo" numframes="1000" framerate="40">
  <frame idx="0" w="155" h="118" x="-10.576479" y="-7.239440">
   <element name="images" layername="images" frame="8" z_index="8" m_a="0.700000" m_b="0.000000" m_c="0.000000" m_d="0.700000" m_tx="0.000000" m_ty="0.000000"/>
  </frame>
  <frame idx="25" w="155" h="118" x="-10.576479" y="-7.239440">
   <element name="images" layername="images" frame="8" z_index="8" m_a="0.700000" m_b="0.000000" m_c="0.000000" m_d="0.700000" m_tx="0.000000" m_ty="0.000000"/>
  </frame>
  <frame idx="50" w="155" h="118" x="-10.576479" y="-7.239440">
   <element name="images" layername="images" frame="8" z_index="8" m_a="0.700000" m_b="0.000000" m_c="0.000000" m_d="0.700000" m_tx="0.000000" m_ty="0.000000"/>
  </frame>
  <frame idx="75" w="155" h="118" x="-10.576479" y="-7.239440">
   <element name="images" layername="images" frame="8" z_index="8" m_a="0.700000" m_b="0.000000" m_c="0.000000" m_d="0.700000" m_tx="0.000000" m_ty="0.000000"/>
  </frame>
  <frame idx="100" w="155" h="118" x="-10.576479" y="-7.239440">
   <element name="images" layername="images" frame="8" z_index="8" m_a="0.700000" m_b="0.000000" m_c="0.000000" m_d="0.700000" m_tx="0.000000" m_ty="0.000000"/>
  </frame>
  <frame idx="125" w="155" h="118" x="-10.576479" y="-7.239440">
   <element name="images" layername="images" frame="8" z_index="8" m_a="0.700000" m_b="0.000000" m_c="0.000000" m_d="0.700000" m_tx="0.000000" m_ty="0.000000"/>
  </frame>
  <frame idx="150" w="155" h="118" x="-10.576479" y="-7.239440">
   <element name="images" layername="images" frame="8" z_index="8" m_a="0.700000" m_b="0.000000" m_c="0.000000" m_d="0.700000" m_tx="0.000000" m_ty="0.000000"/>
  </frame>
  <frame idx="175" w="155" h="118" x="-10.576479" y="-7.239440">
   <element name="images" layername="images" frame="8" z_index="8" m_a="0.700000" m_b="0.000000" m_c="0.000000" m_d="0.700000" m_tx="0.000000" m_ty="0.000000"/>
  </frame>
  <frame idx="200" w="155" h="118" x="-10.576479" y="-7.239440">
   <element name="images" layername="images" frame="8" z_index="8" m_a="0.700000" m_b="0.000000" m_c="0.000000" m_d="0.700000" m_tx="0.000000" m_ty="0.000000"/>
  </frame>
  <frame idx="225" w="155" h="118" x="-10.576479" y="-7.239440">
   <element name="images" layername="images" frame="8" z_index="8" m_a="0.700000" m_b="0.000000" m_c="0.000000" m_d="0.700000" m_tx="0.000000" m_ty="0.000000"/>
  </frame>
  <frame idx="250" w="155" h="118" x="-10.576479" y="-7.239440">
   <element name="images" layername="images" frame="8" z_index="8" m_a="0.700000" m_b="0.000000" m_c="0.000000" m_d="0.700000" m_tx="0.000000" m_ty="0.000000"/>
  </frame>
  <frame idx="275" w="155" h="118" x="-10.576479" y="-7.239440">
   <element name="images" layername="images" frame="8" z_index="8" m_a="0.700000" m_b="0.000000" m_c="0.000000" m_d="0.700000" m_tx="0.000000" m_ty="0.000000"/>
  </frame>
  <frame idx="300" w="155" h="118" x="-10.576479" y="-7.239440">
   <element name="images" layername="images" frame="8" z_index="8" m_a="0.700000" m_b="0.000000" m_c="0.000000" m_d="0.700000" m_tx="0.000000" m_ty="0.000000"/>
  </frame>
  <frame idx="325" w="155" h="118" x="-10.576479" y="-7.239440">
   <element name="images" layername="images" frame="8" z_index="8" m_a="0.700000" m_b="0.000000" m_c="0.000000" m_d="0.700000" m_tx="0.000000" m_ty="0.000000"/>
  </frame>
  <frame idx="350" w="155" h="118" x="-10.576479" y="-7.239440">
   <element name="images" layername="images" frame="8" z_index="8" m_a="0.700000" m_b="0.000000" m_c="0.000000" m_d="0.700000" m_tx="0.000000" m_ty="0.000000"/>
  </frame>
  <frame idx="375" w="155" h="118" x="-10.576479" y="-7.239440">
   <element name="images" layername="images" frame="8" z_index="8" m_a="0.700000" m_b="0.000000" m_c="0.000000" m_d="0.700000" m_tx="0.000000" m_ty="0.000000"/>
  </frame>
  <frame idx="400" w="155" h="118" x="-10.576479" y="-7.239440">
   <element name="images" layername="images" frame="8" z_index="8" m_a="0.700000" m_b="0.000000" m_c="0.000000" m_d="0.700000" m_tx="0.000000" m_ty="0.000000"/>
  </frame>
  <frame idx="425" w="155" h="118" x="-10.576479" y="-7.239440">
   <element name="images" layername="images" frame="8" z_index="8" m_a="0.700000" m_b="0.000000" m_c="0.000000" m_d="0.700000" m_tx="0.000000" m_ty="0.000000"/>
  </frame>
  <frame idx="450" w="155" h="118" x="-10.576479" y="-7.239440">
   <element name="images" layername="images" frame="8" z_index="8" m_a="0.700000" m_b="0.000000" m_c="0.000000" m_d="0.700000" m_tx="0.000000" m_ty="0.000000"/>
  </frame>
  <frame idx="475" w="155" h="118" x="-10.576479" y="-7.239440">
   <element name="images" layername="images" frame="8" z_index="8" m_a="0.700000" m_b="0.000000" m_c="0.000000" m_d="0.700000" m_tx="0.000000" m_ty="0.000000"/>
  </frame>
  <frame idx="500" w="155" h="118" x="-10.576479" y="-7.239440">
   <element name="images" layername="images" frame="8" z_index="8" m_a="0.700000" m_b="0.000000" m_c="0.000000" m_d="0.700000" m_tx="0.000000" m_ty="0.000000"/>
  </frame>
  <frame idx="525" w="155" h="118" x="-10.576479" y="-7.239440">
   <element name="images" layername="images" frame="8" z_index="8" m_a="0.700000" m_b="0.000000" m_c="0.000000" m_d="0.700000" m_tx="0.000000" m_ty="0.000000"/>
  </frame>
  <frame idx="550" w="155" h="118" x="-10.576479" y="-7.239440">
   <element name="images" layername="images" frame="8" z_index="8" m_a="0.700000" m_b="0.000000" m_c="0.000000" m_d="0.700000" m_tx="0.000000" m_ty="0.000000"/>
  </frame>
  <frame idx="575" w="155" h="118" x="-10.576479" y="-7.239440">
   <element name="images" layername="images" frame="8" z_index="8" m_a="0.700000" m_b="0.000000" m_c="0.000000" m_d="0.700000" m_tx="0.000000" m_ty="0.000000"/>
  </frame>
  <frame idx="600" w="155" h="118" x="-10.576479" y="-7.239440">
   <element name="images" layername="images" frame="8" z_index="8" m_a="0.700000" m_b="0.000000" m_c="0.000000" m_d="0.700000" m_tx="0.000000" m_ty="0.000000"/>
  </frame>
  <frame idx="625" w="155" h="118" x="-10.576479" y="-7.239440">
   <element name="images" layername="images" frame="8" z_index="8" m_a="0.700000" m_b="0.000000" m_c="0.000000" m_d="0.700000" m_tx="0.000000" m_ty="0.000000"/>
  </frame>
  <frame idx="650" w="155" h="118" x="-10.576479" y="-7.239440">
   <element name="images" layername="images" frame="8" z_index="8" m_a="0.700000" m_b="0.000000" m_c="0.000000" m_d="0.700000" m_tx="0.000000" m_ty="0.000000"/>
  </frame>
  <frame idx="675" w="155" h="118" x="-10.576479" y="-7.239440">
   <element name="images" layername="images" frame="8" z_index="8" m_a="0.700000" m_b="0.000000" m_c="0.000000" m_d="0.700000" m_tx="0.000000" m_ty="0.000000"/>
  </frame>
  <frame idx="700" w="155" h="118" x="-10.576479" y="-7.239440">
   <element name="images" layername="images" frame="8" z_index="8" m_a="0.700000" m_b="0.000000" m_c="0.000000" m_d="0.700000" m_tx="0.000000" m_ty="0.000000"/>
  </frame>
  <frame idx="725" w="155" h="118" x="-10.576479" y="-7.239440">
   <element name="images" layername="images" frame="8" z_index="8" m_a="0.700000" m_b="0.000000" m_c="0.000000" m_d="0.700000" m_tx="0.000000" m_ty="0.000000"/>
  </frame>
  <frame idx="750" w="155" h="118" x="-10.576479" y="-7.239440">
   <element name="images" layername="images" frame="8" z_index="8" m_a="0.700000" m_b="0.000000" m_c="0.000000" m_d="0.700000" m_tx="0.000000" m_ty="0.000000"/>
  </frame>
  <frame idx="775" w="155" h="118" x="-10.576479" y="-7.239440">
   <element name="images" layername="images" frame="8" z_index="8" m_a="0.700000" m_b="0.000000" m_c="0.000000" m_d="0.700000" m_tx="0.000000" m_ty="0.000000"/>
  </frame>
  <frame idx="800" w="155" h="118" x="-10.576479" y="-7.239440">
   <element name="images" layername="images" frame="8" z_index="8" m_a="0.700000" m_b="0.000000" m_c="0.000000" m_d="0.700000" m_tx="0.000000" m_ty="0.000000"/>
  </frame>
  <frame idx="825" w="155" h="118" x="-10.576479" y="-7.239440">
   <element name="images" layername="images" frame="8" z_index="8" m_a="0.700000" m_b="0.000000" m_c="0.000000" m_d="0.700000" m_tx="0.000000" m_ty="0.000000"/>
  </frame>
  <frame idx="850" w="155" h="118" x="-10.576479" y="-7.239440">
   <element name="images" layername="images" frame="8" z_index="8" m_a="0.700000" m_b="0.000000" m_c="0.000000" m_d="0.700000" m_tx="0.000000" m_ty="0.000000"/>
  </frame>
  <frame idx="875" w="155" h="118" x="-10.576479" y="-7.239440">
   <element name="images" layername="images" frame="8" z_index="8" m_a="0.700000" m_b="0.000000" m_c="0.000000" m_d="0.700000" m_tx="0.000000" m_ty="0.000000"/>
  </frame>
  <frame idx="900" w="155" h="118" x="-10.576479" y="-7.239440">
   <element name="images" layername="images" frame="8" z_index="8" m_a="0.700000" m_b="0.000000" m_c="0.000000" m_d="0.700000" m_tx="0.000000" m_ty="0.000000"/>
  </frame>
  <frame idx="925" w="155" h="118" x="-10.576479" y="-7.239440">
   <element name="images" layername="images" frame="8" z_index="8" m_a="0.700000" m_b="0.000000" m_c="0.000000" m_d="0.700000" m_tx="0.000000" m_ty="0.000000"/>
  </frame>
  <frame idx="950" w="155" h="118" x="-10.576479" y="-7.239440">
   <element name="images" layername="images" frame="8" z_index="8" m_a="0.700000" m_b="0.000000" m_c="0.000000" m_d="0.700000" m_tx="0.000000" m_ty="0.000000"/>
  </frame>
  <frame idx="975" w="155" h="118" x="-10.576479" y="-7.239440">
   <element name="images" layername="images" frame="8" z_index="8" m_a="0.700000" m_b="0.000000" m_c="0.000000" m_d="0.700000" m_tx="0.000000" m_ty="0.000000"/>
  </frame>
 </anim>
 <anim name="lom_90s" root="salo" numframes="1000" framerate="40">
  <frame idx="0" w="292" h="161" x="-31.459860" y="-12.113714">
   <element name="images" layername="images" frame="6" z_index="8" m_a="0.700000" m_b="0.000000" m_c="0.000000" m_d="0.700000" m_tx="0.000000" m_ty="0.000000"/>
  </frame>
  <frame idx="25" w="292" h="161" x="-31.459860" y="-12.113714">
   <element name="images" layername="images" frame="6" z_index="8" m_a="0.700000" m_b="0.000000" m_c="0.000000" m_d="0.700000" m_tx="0.000000" m_ty="0.000000"/>
  </frame>
  <frame idx="50" w="292" h="161" x="-31.459860" y="-12.113714">
   <element name="images" layername="images" frame="6" z_index="8" m_a="0.700000" m_b="0.000000" m_c="0.000000" m_d="0.700000" m_tx="0.000000" m_ty="0.000000"/>
  </frame>
  <frame idx="75" w="292" h="161" x="-31.459860" y="-12.113714">
   <element name="images" layername="images" frame="6" z_index="8" m_a="0.700000" m_b="0.000000" m_c="0.000000" m_d="0.700000" m_tx="0.000000" m_ty="0.000000"/>
  </frame>
  <frame idx="100" w="292" h="161" x="-31.459860" y="-12.113714">
   <element name="images" layername="images" frame="6" z_index="8" m_a="0.700000" m_b="0.000000" m_c="0.000000" m_d="0.700000" m_tx="0.000000" m_ty="0.000000"/>
  </frame>
  <frame idx="125" w="292" h="161" x="-31.459860" y="-12.113714">
   <element name="images" layername="images" frame="6" z_index="8" m_a="0.700000" m_b="0.000000" m_c="0.000000" m_d="0.700000" m_tx="0.000000" m_ty="0.000000"/>
  </frame>
  <frame idx="150" w="292" h="161" x="-31.459860" y="-12.113714">
   <element name="images" layername="images" frame="6" z_index="8" m_a="0.700000" m_b="0.000000" m_c="0.000000" m_d="0.700000" m_tx="0.000000" m_ty="0.000000"/>
  </frame>
  <frame idx="175" w="292" h="161" x="-31.459860" y="-12.113714">
   <element name="images" layername="images" frame="6" z_index="8" m_a="0.700000" m_b="0.000000" m_c="0.000000" m_d="0.700000" m_tx="0.000000" m_ty="0.000000"/>
  </frame>
  <frame idx="200" w="292" h="161" x="-31.459860" y="-12.113714">
   <element name="images" layername="images" frame="6" z_index="8" m_a="0.700000" m_b="0.000000" m_c="0.000000" m_d="0.700000" m_tx="0.000000" m_ty="0.000000"/>
  </frame>
  <frame idx="225" w="292" h="161" x="-31.459860" y="-12.113714">
   <element name="images" layername="images" frame="6" z_index="8" m_a="0.700000" m_b="0.000000" m_c="0.000000" m_d="0.700000" m_tx="0.000000" m_ty="0.000000"/>
  </frame>
  <frame idx="250" w="292" h="161" x="-31.459860" y="-12.113714">
   <element name="images" layername="images" frame="6" z_index="8" m_a="0.700000" m_b="0.000000" m_c="0.000000" m_d="0.700000" m_tx="0.000000" m_ty="0.000000"/>
  </frame>
  <frame idx="275" w="292" h="161" x="-31.459860" y="-12.113714">
   <element name="images" layername="images" frame="6" z_index="8" m_a="0.700000" m_b="0.000000" m_c="0.000000" m_d="0.700000" m_tx="0.000000" m_ty="0.000000"/>
  </frame>
  <frame idx="300" w="292" h="161" x="-31.459860" y="-12.113714">
   <element name="images" layername="images" frame="6" z_index="8" m_a="0.700000" m_b="0.000000" m_c="0.000000" m_d="0.700000" m_tx="0.000000" m_ty="0.000000"/>
  </frame>
  <frame idx="325" w="292" h="161" x="-31.459860" y="-12.113714">
   <element name="images" layername="images" frame="6" z_index="8" m_a="0.700000" m_b="0.000000" m_c="0.000000" m_d="0.700000" m_tx="0.000000" m_ty="0.000000"/>
  </frame>
  <frame idx="350" w="292" h="161" x="-31.459860" y="-12.113714">
   <element name="images" layername="images" frame="6" z_index="8" m_a="0.700000" m_b="0.000000" m_c="0.000000" m_d="0.700000" m_tx="0.000000" m_ty="0.000000"/>
  </frame>
  <frame idx="375" w="292" h="161" x="-31.459860" y="-12.113714">
   <element name="images" layername="images" frame="6" z_index="8" m_a="0.700000" m_b="0.000000" m_c="0.000000" m_d="0.700000" m_tx="0.000000" m_ty="0.000000"/>
  </frame>
  <frame idx="400" w="292" h="161" x="-31.459860" y="-12.113714">
   <element name="images" layername="images" frame="6" z_index="8" m_a="0.700000" m_b="0.000000" m_c="0.000000" m_d="0.700000" m_tx="0.000000" m_ty="0.000000"/>
  </frame>
  <frame idx="425" w="292" h="161" x="-31.459860" y="-12.113714">
   <element name="images" layername="images" frame="6" z_index="8" m_a="0.700000" m_b="0.000000" m_c="0.000000" m_d="0.700000" m_tx="0.000000" m_ty="0.000000"/>
  </frame>
  <frame idx="450" w="292" h="161" x="-31.459860" y="-12.113714">
   <element name="images" layername="images" frame="6" z_index="8" m_a="0.700000" m_b="0.000000" m_c="0.000000" m_d="0.700000" m_tx="0.000000" m_ty="0.000000"/>
  </frame>
  <frame idx="475" w="292" h="161" x="-31.459860" y="-12.113714">
   <element name="images" layername="images" frame="6" z_index="8" m_a="0.700000" m_b="0.000000" m_c="0.000000" m_d="0.700000" m_tx="0.000000" m_ty="0.000000"/>
  </frame>
  <frame idx="500" w="292" h="161" x="-31.459860" y="-12.113714">
   <element name="images" layername="images" frame="6" z_index="8" m_a="0.700000" m_b="0.000000" m_c="0.000000" m_d="0.700000" m_tx="0.000000" m_ty="0.000000"/>
  </frame>
  <frame idx="525" w="292" h="161" x="-31.459860" y="-12.113714">
   <element name="images" layername="images" frame="6" z_index="8" m_a="0.700000" m_b="0.000000" m_c="0.000000" m_d="0.700000" m_tx="0.000000" m_ty="0.000000"/>
  </frame>
  <frame idx="550" w="292" h="161" x="-31.459860" y="-12.113714">
   <element name="images" layername="images" frame="6" z_index="8" m_a="0.700000" m_b="0.000000" m_c="0.000000" m_d="0.700000" m_tx="0.000000" m_ty="0.000000"/>
  </frame>
  <frame idx="575" w="292" h="161" x="-31.459860" y="-12.113714">
   <element name="images" layername="images" frame="6" z_index="8" m_a="0.700000" m_b="0.000000" m_c="0.000000" m_d="0.700000" m_tx="0.000000" m_ty="0.000000"/>
  </frame>
  <frame idx="600" w="292" h="161" x="-31.459860" y="-12.113714">
   <element name="images" layername="images" frame="6" z_index="8" m_a="0.700000" m_b="0.000000" m_c="0.000000" m_d="0.700000" m_tx="0.000000" m_ty="0.000000"/>
  </frame>
  <frame idx="625" w="292" h="161" x="-31.459860" y="-12.113714">
   <element name="images" layername="images" frame="6" z_index="8" m_a="0.700000" m_b="0.000000" m_c="0.000000" m_d="0.700000" m_tx="0.000000" m_ty="0.000000"/>
  </frame>
  <frame idx="650" w="292" h="161" x="-31.459860" y="-12.113714">
   <element name="images" layername="images" frame="6" z_index="8" m_a="0.700000" m_b="0.000000" m_c="0.000000" m_d="0.700000" m_tx="0.000000" m_ty="0.000000"/>
  </frame>
  <frame idx="675" w="292" h="161" x="-31.459860" y="-12.113714">
   <element name="images" layername="images" frame="6" z_index="8" m_a="0.700000" m_b="0.000000" m_c="0.000000" m_d="0.700000" m_tx="0.000000" m_ty="0.000000"/>
  </frame>
  <frame idx="700" w="292" h="161" x="-31.459860" y="-12.113714">
   <element name="images" layername="images" frame="6" z_index="8" m_a="0.700000" m_b="0.000000" m_c="0.000000" m_d="0.700000" m_tx="0.000000" m_ty="0.000000"/>
  </frame>
  <frame idx="725" w="292" h="161" x="-31.459860" y="-12.113714">
   <element name="images" layername="images" frame="6" z_index="8" m_a="0.700000" m_b="0.000000" m_c="0.000000" m_d="0.700000" m_tx="0.000000" m_ty="0.000000"/>
  </frame>
  <frame idx="750" w="292" h="161" x="-31.459860" y="-12.113714">
   <element name="images" layername="images" frame="6" z_index="8" m_a="0.700000" m_b="0.000000" m_c="0.000000" m_d="0.700000" m_tx="0.000000" m_ty="0.000000"/>
  </frame>
  <frame idx="775" w="292" h="161" x="-31.459860" y="-12.113714">
   <element name="images" layername="images" frame="6" z_index="8" m_a="0.700000" m_b="0.000000" m_c="0.000000" m_d="0.700000" m_tx="0.000000" m_ty="0.000000"/>
  </frame>
  <frame idx="800" w="292" h="161" x="-31.459860" y="-12.113714">
   <element name="images" layername="images" frame="6" z_index="8" m_a="0.700000" m_b="0.000000" m_c="0.000000" m_d="0.700000" m_tx="0.000000" m_ty="0.000000"/>
  </frame>
  <frame idx="825" w="292" h="161" x="-31.459860" y="-12.113714">
   <element name="images" layername="images" frame="6" z_index="8" m_a="0.700000" m_b="0.000000" m_c="0.000000" m_d="0.700000" m_tx="0.000000" m_ty="0.000000"/>
  </frame>
  <frame idx="850" w="292" h="161" x="-31.459860" y="-12.113714">
   <element name="images" layername="images" frame="6" z_index="8" m_a="0.700000" m_b="0.000000" m_c="0.000000" m_d="0.700000" m_tx="0.000000" m_ty="0.000000"/>
  </frame>
  <frame idx="875" w="292" h="161" x="-31.459860" y="-12.113714">
   <element name="images" layername="images" frame="6" z_index="8" m_a="0.700000" m_b="0.000000" m_c="0.000000" m_d="0.700000" m_tx="0.000000" m_ty="0.000000"/>
  </frame>
  <frame idx="900" w="292" h="161" x="-31.459860" y="-12.113714">
   <element name="images" layername="images" frame="6" z_index="8" m_a="0.700000" m_b="0.000000" m_c="0.000000" m_d="0.700000" m_tx="0.000000" m_ty="0.000000"/>
  </frame>
  <frame idx="925" w="292" h="161" x="-31.459860" y="-12.113714">
   <element name="images" layername="images" frame="6" z_index="8" m_a="0.700000" m_b="0.000000" m_c="0.000000" m_d="0.700000" m_tx="0.000000" m_ty="0.000000"/>
  </frame>
  <frame idx="950" w="292" h="161" x="-31.459860" y="-12.113714">
   <element name="images" layername="images" frame="6" z_index="8" m_a="0.700000" m_b="0.000000" m_c="0.000000" m_d="0.700000" m_tx="0.000000" m_ty="0.000000"/>
  </frame>
  <frame idx="975" w="292" h="161" x="-31.459860" y="-12.113714">
   <element name="images" layername="images" frame="6" z_index="8" m_a="0.700000" m_b="0.000000" m_c="0.000000" m_d="0.700000" m_tx="0.000000" m_ty="0.000000"/>
  </frame>
 </anim>
 <anim name="money_90s" root="salo" numframes="1000" framerate="40">
  <frame idx="0" w="249" h="212" x="-26.447411" y="-36.275723">
   <element name="images" layername="images" frame="5" z_index="8" m_a="1.000000" m_b="0.000000" m_c="0.000000" m_d="1.000000" m_tx="0.000000" m_ty="0.000000"/>
  </frame>
  <frame idx="25" w="249" h="212" x="-26.447411" y="-36.275723">
   <element name="images" layername="images" frame="5" z_index="8" m_a="1.000000" m_b="0.000000" m_c="0.000000" m_d="1.000000" m_tx="0.000000" m_ty="0.000000"/>
  </frame>
  <frame idx="50" w="249" h="212" x="-26.447411" y="-36.275723">
   <element name="images" layername="images" frame="5" z_index="8" m_a="1.000000" m_b="0.000000" m_c="0.000000" m_d="1.000000" m_tx="0.000000" m_ty="0.000000"/>
  </frame>
  <frame idx="75" w="249" h="212" x="-26.447411" y="-36.275723">
   <element name="images" layername="images" frame="5" z_index="8" m_a="1.000000" m_b="0.000000" m_c="0.000000" m_d="1.000000" m_tx="0.000000" m_ty="0.000000"/>
  </frame>
  <frame idx="100" w="249" h="212" x="-26.447411" y="-36.275723">
   <element name="images" layername="images" frame="5" z_index="8" m_a="1.000000" m_b="0.000000" m_c="0.000000" m_d="1.000000" m_tx="0.000000" m_ty="0.000000"/>
  </frame>
  <frame idx="125" w="249" h="212" x="-26.447411" y="-36.275723">
   <element name="images" layername="images" frame="5" z_index="8" m_a="1.000000" m_b="0.000000" m_c="0.000000" m_d="1.000000" m_tx="0.000000" m_ty="0.000000"/>
  </frame>
  <frame idx="150" w="249" h="212" x="-26.447411" y="-36.275723">
   <element name="images" layername="images" frame="5" z_index="8" m_a="1.000000" m_b="0.000000" m_c="0.000000" m_d="1.000000" m_tx="0.000000" m_ty="0.000000"/>
  </frame>
  <frame idx="175" w="249" h="212" x="-26.447411" y="-36.275723">
   <element name="images" layername="images" frame="5" z_index="8" m_a="1.000000" m_b="0.000000" m_c="0.000000" m_d="1.000000" m_tx="0.000000" m_ty="0.000000"/>
  </frame>
  <frame idx="200" w="249" h="212" x="-26.447411" y="-36.275723">
   <element name="images" layername="images" frame="5" z_index="8" m_a="1.000000" m_b="0.000000" m_c="0.000000" m_d="1.000000" m_tx="0.000000" m_ty="0.000000"/>
  </frame>
  <frame idx="225" w="249" h="212" x="-26.447411" y="-36.275723">
   <element name="images" layername="images" frame="5" z_index="8" m_a="1.000000" m_b="0.000000" m_c="0.000000" m_d="1.000000" m_tx="0.000000" m_ty="0.000000"/>
  </frame>
  <frame idx="250" w="249" h="212" x="-26.447411" y="-36.275723">
   <element name="images" layername="images" frame="5" z_index="8" m_a="1.000000" m_b="0.000000" m_c="0.000000" m_d="1.000000" m_tx="0.000000" m_ty="0.000000"/>
  </frame>
  <frame idx="275" w="249" h="212" x="-26.447411" y="-36.275723">
   <element name="images" layername="images" frame="5" z_index="8" m_a="1.000000" m_b="0.000000" m_c="0.000000" m_d="1.000000" m_tx="0.000000" m_ty="0.000000"/>
  </frame>
  <frame idx="300" w="249" h="212" x="-26.447411" y="-36.275723">
   <element name="images" layername="images" frame="5" z_index="8" m_a="1.000000" m_b="0.000000" m_c="0.000000" m_d="1.000000" m_tx="0.000000" m_ty="0.000000"/>
  </frame>
  <frame idx="325" w="249" h="212" x="-26.447411" y="-36.275723">
   <element name="images" layername="images" frame="5" z_index="8" m_a="1.000000" m_b="0.000000" m_c="0.000000" m_d="1.000000" m_tx="0.000000" m_ty="0.000000"/>
  </frame>
  <frame idx="350" w="249" h="212" x="-26.447411" y="-36.275723">
   <element name="images" layername="images" frame="5" z_index="8" m_a="1.000000" m_b="0.000000" m_c="0.000000" m_d="1.000000" m_tx="0.000000" m_ty="0.000000"/>
  </frame>
  <frame idx="375" w="249" h="212" x="-26.447411" y="-36.275723">
   <element name="images" layername="images" frame="5" z_index="8" m_a="1.000000" m_b="0.000000" m_c="0.000000" m_d="1.000000" m_tx="0.000000" m_ty="0.000000"/>
  </frame>
  <frame idx="400" w="249" h="212" x="-26.447411" y="-36.275723">
   <element name="images" layername="images" frame="5" z_index="8" m_a="1.000000" m_b="0.000000" m_c="0.000000" m_d="1.000000" m_tx="0.000000" m_ty="0.000000"/>
  </frame>
  <frame idx="425" w="249" h="212" x="-26.447411" y="-36.275723">
   <element name="images" layername="images" frame="5" z_index="8" m_a="1.000000" m_b="0.000000" m_c="0.000000" m_d="1.000000" m_tx="0.000000" m_ty="0.000000"/>
  </frame>
  <frame idx="450" w="249" h="212" x="-26.447411" y="-36.275723">
   <element name="images" layername="images" frame="5" z_index="8" m_a="1.000000" m_b="0.000000" m_c="0.000000" m_d="1.000000" m_tx="0.000000" m_ty="0.000000"/>
  </frame>
  <frame idx="475" w="249" h="212" x="-26.447411" y="-36.275723">
   <element name="images" layername="images" frame="5" z_index="8" m_a="1.000000" m_b="0.000000" m_c="0.000000" m_d="1.000000" m_tx="0.000000" m_ty="0.000000"/>
  </frame>
  <frame idx="500" w="249" h="212" x="-26.447411" y="-36.275723">
   <element name="images" layername="images" frame="5" z_index="8" m_a="1.000000" m_b="0.000000" m_c="0.000000" m_d="1.000000" m_tx="0.000000" m_ty="0.000000"/>
  </frame>
  <frame idx="525" w="249" h="212" x="-26.447411" y="-36.275723">
   <element name="images" layername="images" frame="5" z_index="8" m_a="1.000000" m_b="0.000000" m_c="0.000000" m_d="1.000000" m_tx="0.000000" m_ty="0.000000"/>
  </frame>
  <frame idx="550" w="249" h="212" x="-26.447411" y="-36.275723">
   <element name="images" layername="images" frame="5" z_index="8" m_a="1.000000" m_b="0.000000" m_c="0.000000" m_d="1.000000" m_tx="0.000000" m_ty="0.000000"/>
  </frame>
  <frame idx="575" w="249" h="212" x="-26.447411" y="-36.275723">
   <element name="images" layername="images" frame="5" z_index="8" m_a="1.000000" m_b="0.000000" m_c="0.000000" m_d="1.000000" m_tx="0.000000" m_ty="0.000000"/>
  </frame>
  <frame idx="600" w="249" h="212" x="-26.447411" y="-36.275723">
   <element name="images" layername="images" frame="5" z_index="8" m_a="1.000000" m_b="0.000000" m_c="0.000000" m_d="1.000000" m_tx="0.000000" m_ty="0.000000"/>
  </frame>
  <frame idx="625" w="249" h="212" x="-26.447411" y="-36.275723">
   <element name="images" layername="images" frame="5" z_index="8" m_a="1.000000" m_b="0.000000" m_c="0.000000" m_d="1.000000" m_tx="0.000000" m_ty="0.000000"/>
  </frame>
  <frame idx="650" w="249" h="212" x="-26.447411" y="-36.275723">
   <element name="images" layername="images" frame="5" z_index="8" m_a="1.000000" m_b="0.000000" m_c="0.000000" m_d="1.000000" m_tx="0.000000" m_ty="0.000000"/>
  </frame>
  <frame idx="675" w="249" h="212" x="-26.447411" y="-36.275723">
   <element name="images" layername="images" frame="5" z_index="8" m_a="1.000000" m_b="0.000000" m_c="0.000000" m_d="1.000000" m_tx="0.000000" m_ty="0.000000"/>
  </frame>
  <frame idx="700" w="249" h="212" x="-26.447411" y="-36.275723">
   <element name="images" layername="images" frame="5" z_index="8" m_a="1.000000" m_b="0.000000" m_c="0.000000" m_d="1.000000" m_tx="0.000000" m_ty="0.000000"/>
  </frame>
  <frame idx="725" w="249" h="212" x="-26.447411" y="-36.275723">
   <element name="images" layername="images" frame="5" z_index="8" m_a="1.000000" m_b="0.000000" m_c="0.000000" m_d="1.000000" m_tx="0.000000" m_ty="0.000000"/>
  </frame>
  <frame idx="750" w="249" h="212" x="-26.447411" y="-36.275723">
   <element name="images" layername="images" frame="5" z_index="8" m_a="1.000000" m_b="0.000000" m_c="0.000000" m_d="1.000000" m_tx="0.000000" m_ty="0.000000"/>
  </frame>
  <frame idx="775" w="249" h="212" x="-26.447411" y="-36.275723">
   <element name="images" layername="images" frame="5" z_index="8" m_a="1.000000" m_b="0.000000" m_c="0.000000" m_d="1.000000" m_tx="0.000000" m_ty="0.000000"/>
  </frame>
  <frame idx="800" w="249" h="212" x="-26.447411" y="-36.275723">
   <element name="images" layername="images" frame="5" z_index="8" m_a="1.000000" m_b="0.000000" m_c="0.000000" m_d="1.000000" m_tx="0.000000" m_ty="0.000000"/>
  </frame>
  <frame idx="825" w="249" h="212" x="-26.447411" y="-36.275723">
   <element name="images" layername="images" frame="5" z_index="8" m_a="1.000000" m_b="0.000000" m_c="0.000000" m_d="1.000000" m_tx="0.000000" m_ty="0.000000"/>
  </frame>
  <frame idx="850" w="249" h="212" x="-26.447411" y="-36.275723">
   <element name="images" layername="images" frame="5" z_index="8" m_a="1.000000" m_b="0.000000" m_c="0.000000" m_d="1.000000" m_tx="0.000000" m_ty="0.000000"/>
  </frame>
  <frame idx="875" w="249" h="212" x="-26.447411" y="-36.275723">
   <element name="images" layername="images" frame="5" z_index="8" m_a="1.000000" m_b="0.000000" m_c="0.000000" m_d="1.000000" m_tx="0.000000" m_ty="0.000000"/>
  </frame>
  <frame idx="900" w="249" h="212" x="-26.447411" y="-36.275723">
   <element name="images" layername="images" frame="5" z_index="8" m_a="1.000000" m_b="0.000000" m_c="0.000000" m_d="1.000000" m_tx="0.000000" m_ty="0.000000"/>
  </frame>
  <frame idx="925" w="249" h="212" x="-26.447411" y="-36.275723">
   <element name="images" layername="images" frame="5" z_index="8" m_a="1.000000" m_b="0.000000" m_c="0.000000" m_d="1.000000" m_tx="0.000000" m_ty="0.000000"/>
  </frame>
  <frame idx="950" w="249" h="212" x="-26.447411" y="-36.275723">
   <element name="images" layername="images" frame="5" z_index="8" m_a="1.000000" m_b="0.000000" m_c="0.000000" m_d="1.000000" m_tx="0.000000" m_ty="0.000000"/>
  </frame>
  <frame idx="975" w="249" h="212" x="-26.447411" y="-36.275723">
   <element name="images" layername="images" frame="5" z_index="8" m_a="1.000000" m_b="0.000000" m_c="0.000000" m_d="1.000000" m_tx="0.000000" m_ty="0.000000"/>
  </frame>
 </anim>
 <anim name="salo_90s" root="salo" numframes="1000" framerate="40">
  <frame idx="0" w="202" h="190" x="-15.808552" y="-18.381413">
   <element name="images" layername="images" frame="0" z_index="8" m_a="1.200000" m_b="0.000000" m_c="0.000000" m_d="1.200000" m_tx="3.557730" m_ty="4.707840"/>
  </frame>
  <frame idx="25" w="202" h="190" x="-15.808552" y="-18.381413">
   <element name="images" layername="images" frame="0" z_index="8" m_a="1.200000" m_b="0.000000" m_c="0.000000" m_d="1.200000" m_tx="3.557730" m_ty="4.707840"/>
  </frame>
  <frame idx="50" w="202" h="190" x="-15.808552" y="-18.381413">
   <element name="images" layername="images" frame="0" z_index="8" m_a="1.200000" m_b="0.000000" m_c="0.000000" m_d="1.200000" m_tx="3.557730" m_ty="4.707840"/>
  </frame>
  <frame idx="75" w="202" h="190" x="-15.808552" y="-18.381413">
   <element name="images" layername="images" frame="0" z_index="8" m_a="1.200000" m_b="0.000000" m_c="0.000000" m_d="1.200000" m_tx="3.557730" m_ty="4.707840"/>
  </frame>
  <frame idx="100" w="202" h="190" x="-15.808552" y="-18.381413">
   <element name="images" layername="images" frame="0" z_index="8" m_a="1.200000" m_b="0.000000" m_c="0.000000" m_d="1.200000" m_tx="3.557730" m_ty="4.707840"/>
  </frame>
  <frame idx="125" w="202" h="190" x="-15.808552" y="-18.381413">
   <element name="images" layername="images" frame="0" z_index="8" m_a="1.200000" m_b="0.000000" m_c="0.000000" m_d="1.200000" m_tx="3.557730" m_ty="4.707840"/>
  </frame>
  <frame idx="150" w="202" h="190" x="-15.808552" y="-18.381413">
   <element name="images" layername="images" frame="0" z_index="8" m_a="1.200000" m_b="0.000000" m_c="0.000000" m_d="1.200000" m_tx="3.557730" m_ty="4.707840"/>
  </frame>
  <frame idx="175" w="202" h="190" x="-15.808552" y="-18.381413">
   <element name="images" layername="images" frame="0" z_index="8" m_a="1.200000" m_b="0.000000" m_c="0.000000" m_d="1.200000" m_tx="3.557730" m_ty="4.707840"/>
  </frame>
  <frame idx="200" w="202" h="190" x="-15.808552" y="-18.381413">
   <element name="images" layername="images" frame="0" z_index="8" m_a="1.200000" m_b="0.000000" m_c="0.000000" m_d="1.200000" m_tx="3.557730" m_ty="4.707840"/>
  </frame>
  <frame idx="225" w="202" h="190" x="-15.808552" y="-18.381413">
   <element name="images" layername="images" frame="0" z_index="8" m_a="1.200000" m_b="0.000000" m_c="0.000000" m_d="1.200000" m_tx="3.557730" m_ty="4.707840"/>
  </frame>
  <frame idx="250" w="202" h="190" x="-15.808552" y="-18.381413">
   <element name="images" layername="images" frame="0" z_index="8" m_a="1.200000" m_b="0.000000" m_c="0.000000" m_d="1.200000" m_tx="3.557730" m_ty="4.707840"/>
  </frame>
  <frame idx="275" w="202" h="190" x="-15.808552" y="-18.381413">
   <element name="images" layername="images" frame="0" z_index="8" m_a="1.200000" m_b="0.000000" m_c="0.000000" m_d="1.200000" m_tx="3.557730" m_ty="4.707840"/>
  </frame>
  <frame idx="300" w="202" h="190" x="-15.808552" y="-18.381413">
   <element name="images" layername="images" frame="0" z_index="8" m_a="1.200000" m_b="0.000000" m_c="0.000000" m_d="1.200000" m_tx="3.557730" m_ty="4.707840"/>
  </frame>
  <frame idx="325" w="202" h="190" x="-15.808552" y="-18.381413">
   <element name="images" layername="images" frame="0" z_index="8" m_a="1.200000" m_b="0.000000" m_c="0.000000" m_d="1.200000" m_tx="3.557730" m_ty="4.707840"/>
  </frame>
  <frame idx="350" w="202" h="190" x="-15.808552" y="-18.381413">
   <element name="images" layername="images" frame="0" z_index="8" m_a="1.200000" m_b="0.000000" m_c="0.000000" m_d="1.200000" m_tx="3.557730" m_ty="4.707840"/>
  </frame>
  <frame idx="375" w="202" h="190" x="-15.808552" y="-18.381413">
   <element name="images" layername="images" frame="0" z_index="8" m_a="1.200000" m_b="0.000000" m_c="0.000000" m_d="1.200000" m_tx="3.557730" m_ty="4.707840"/>
  </frame>
  <frame idx="400" w="202" h="190" x="-15.808552" y="-18.381413">
   <element name="images" layername="images" frame="0" z_index="8" m_a="1.200000" m_b="0.000000" m_c="0.000000" m_d="1.200000" m_tx="3.557730" m_ty="4.707840"/>
  </frame>
  <frame idx="425" w="202" h="190" x="-15.808552" y="-18.381413">
   <element name="images" layername="images" frame="0" z_index="8" m_a="1.200000" m_b="0.000000" m_c="0.000000" m_d="1.200000" m_tx="3.557730" m_ty="4.707840"/>
  </frame>
  <frame idx="450" w="202" h="190" x="-15.808552" y="-18.381413">
   <element name="images" layername="images" frame="0" z_index="8" m_a="1.200000" m_b="0.000000" m_c="0.000000" m_d="1.200000" m_tx="3.557730" m_ty="4.707840"/>
  </frame>
  <frame idx="475" w="202" h="190" x="-15.808552" y="-18.381413">
   <element name="images" layername="images" frame="0" z_index="8" m_a="1.200000" m_b="0.000000" m_c="0.000000" m_d="1.200000" m_tx="3.557730" m_ty="4.707840"/>
  </frame>
  <frame idx="500" w="202" h="190" x="-15.808552" y="-18.381413">
   <element name="images" layername="images" frame="0" z_index="8" m_a="1.200000" m_b="0.000000" m_c="0.000000" m_d="1.200000" m_tx="3.557730" m_ty="4.707840"/>
  </frame>
  <frame idx="525" w="202" h="190" x="-15.808552" y="-18.381413">
   <element name="images" layername="images" frame="0" z_index="8" m_a="1.200000" m_b="0.000000" m_c="0.000000" m_d="1.200000" m_tx="3.557730" m_ty="4.707840"/>
  </frame>
  <frame idx="550" w="202" h="190" x="-15.808552" y="-18.381413">
   <element name="images" layername="images" frame="0" z_index="8" m_a="1.200000" m_b="0.000000" m_c="0.000000" m_d="1.200000" m_tx="3.557730" m_ty="4.707840"/>
  </frame>
  <frame idx="575" w="202" h="190" x="-15.808552" y="-18.381413">
   <element name="images" layername="images" frame="0" z_index="8" m_a="1.200000" m_b="0.000000" m_c="0.000000" m_d="1.200000" m_tx="3.557730" m_ty="4.707840"/>
  </frame>
  <frame idx="600" w="202" h="190" x="-15.808552" y="-18.381413">
   <element name="images" layername="images" frame="0" z_index="8" m_a="1.200000" m_b="0.000000" m_c="0.000000" m_d="1.200000" m_tx="3.557730" m_ty="4.707840"/>
  </frame>
  <frame idx="625" w="202" h="190" x="-15.808552" y="-18.381413">
   <element name="images" layername="images" frame="0" z_index="8" m_a="1.200000" m_b="0.000000" m_c="0.000000" m_d="1.200000" m_tx="3.557730" m_ty="4.707840"/>
  </frame>
  <frame idx="650" w="202" h="190" x="-15.808552" y="-18.381413">
   <element name="images" layername="images" frame="0" z_index="8" m_a="1.200000" m_b="0.000000" m_c="0.000000" m_d="1.200000" m_tx="3.557730" m_ty="4.707840"/>
  </frame>
  <frame idx="675" w="202" h="190" x="-15.808552" y="-18.381413">
   <element name="images" layername="images" frame="0" z_index="8" m_a="1.200000" m_b="0.000000" m_c="0.000000" m_d="1.200000" m_tx="3.557730" m_ty="4.707840"/>
  </frame>
  <frame idx="700" w="202" h="190" x="-15.808552" y="-18.381413">
   <element name="images" layername="images" frame="0" z_index="8" m_a="1.200000" m_b="0.000000" m_c="0.000000" m_d="1.200000" m_tx="3.557730" m_ty="4.707840"/>
  </frame>
  <frame idx="725" w="202" h="190" x="-15.808552" y="-18.381413">
   <element name="images" layername="images" frame="0" z_index="8" m_a="1.200000" m_b="0.000000" m_c="0.000000" m_d="1.200000" m_tx="3.557730" m_ty="4.707840"/>
  </frame>
  <frame idx="750" w="202" h="190" x="-15.808552" y="-18.381413">
   <element name="images" layername="images" frame="0" z_index="8" m_a="1.200000" m_b="0.000000" m_c="0.000000" m_d="1.200000" m_tx="3.557730" m_ty="4.707840"/>
  </frame>
  <frame idx="775" w="202" h="190" x="-15.808552" y="-18.381413">
   <element name="images" layername="images" frame="0" z_index="8" m_a="1.200000" m_b="0.000000" m_c="0.000000" m_d="1.200000" m_tx="3.557730" m_ty="4.707840"/>
  </frame>
  <frame idx="800" w="202" h="190" x="-15.808552" y="-18.381413">
   <element name="images" layername="images" frame="0" z_index="8" m_a="1.200000" m_b="0.000000" m_c="0.000000" m_d="1.200000" m_tx="3.557730" m_ty="4.707840"/>
  </frame>
  <frame idx="825" w="202" h="190" x="-15.808552" y="-18.381413">
   <element name="images" layername="images" frame="0" z_index="8" m_a="1.200000" m_b="0.000000" m_c="0.000000" m_d="1.200000" m_tx="3.557730" m_ty="4.707840"/>
  </frame>
  <frame idx="850" w="202" h="190" x="-15.808552" y="-18.381413">
   <element name="images" layername="images" frame="0" z_index="8" m_a="1.200000" m_b="0.000000" m_c="0.000000" m_d="1.200000" m_tx="3.557730" m_ty="4.707840"/>
  </frame>
  <frame idx="875" w="202" h="190" x="-15.808552" y="-18.381413">
   <element name="images" layername="images" frame="0" z_index="8" m_a="1.200000" m_b="0.000000" m_c="0.000000" m_d="1.200000" m_tx="3.557730" m_ty="4.707840"/>
  </frame>
  <frame idx="900" w="202" h="190" x="-15.808552" y="-18.381413">
   <element name="images" layername="images" frame="0" z_index="8" m_a="1.200000" m_b="0.000000" m_c="0.000000" m_d="1.200000" m_tx="3.557730" m_ty="4.707840"/>
  </frame>
  <frame idx="925" w="202" h="190" x="-15.808552" y="-18.381413">
   <element name="images" layername="images" frame="0" z_index="8" m_a="1.200000" m_b="0.000000" m_c="0.000000" m_d="1.200000" m_tx="3.557730" m_ty="4.707840"/>
  </frame>
  <frame idx="950" w="202" h="190" x="-15.808552" y="-18.381413">
   <element name="images" layername="images" frame="0" z_index="8" m_a="1.200000" m_b="0.000000" m_c="0.000000" m_d="1.200000" m_tx="3.557730" m_ty="4.707840"/>
  </frame>
  <frame idx="975" w="202" h="190" x="-15.808552" y="-18.381413">
   <element name="images" layername="images" frame="0" z_index="8" m_a="1.200000" m_b="0.000000" m_c="0.000000" m_d="1.200000" m_tx="3.557730" m_ty="4.707840"/>
  </frame>
 </anim>
 <anim name="staff0_90s" root="salo" numframes="1000" framerate="40">
  <frame idx="0" w="365" h="230" x="-32.486938" y="-15.540413">
   <element name="images" layername="images" frame="4" z_index="8" m_a="1.000000" m_b="0.000000" m_c="0.000000" m_d="1.000000" m_tx="0.000000" m_ty="0.000000"/>
  </frame>
  <frame idx="25" w="365" h="230" x="-32.486938" y="-15.540413">
   <element name="images" layername="images" frame="4" z_index="8" m_a="1.000000" m_b="0.000000" m_c="0.000000" m_d="1.000000" m_tx="0.000000" m_ty="0.000000"/>
  </frame>
  <frame idx="50" w="365" h="230" x="-32.486938" y="-15.540413">
   <element name="images" layername="images" frame="4" z_index="8" m_a="1.000000" m_b="0.000000" m_c="0.000000" m_d="1.000000" m_tx="0.000000" m_ty="0.000000"/>
  </frame>
  <frame idx="75" w="365" h="230" x="-32.486938" y="-15.540413">
   <element name="images" layername="images" frame="4" z_index="8" m_a="1.000000" m_b="0.000000" m_c="0.000000" m_d="1.000000" m_tx="0.000000" m_ty="0.000000"/>
  </frame>
  <frame idx="100" w="365" h="230" x="-32.486938" y="-15.540413">
   <element name="images" layername="images" frame="4" z_index="8" m_a="1.000000" m_b="0.000000" m_c="0.000000" m_d="1.000000" m_tx="0.000000" m_ty="0.000000"/>
  </frame>
  <frame idx="125" w="365" h="230" x="-32.486938" y="-15.540413">
   <element name="images" layername="images" frame="4" z_index="8" m_a="1.000000" m_b="0.000000" m_c="0.000000" m_d="1.000000" m_tx="0.000000" m_ty="0.000000"/>
  </frame>
  <frame idx="150" w="365" h="230" x="-32.486938" y="-15.540413">
   <element name="images" layername="images" frame="4" z_index="8" m_a="1.000000" m_b="0.000000" m_c="0.000000" m_d="1.000000" m_tx="0.000000" m_ty="0.000000"/>
  </frame>
  <frame idx="175" w="365" h="230" x="-32.486938" y="-15.540413">
   <element name="images" layername="images" frame="4" z_index="8" m_a="1.000000" m_b="0.000000" m_c="0.000000" m_d="1.000000" m_tx="0.000000" m_ty="0.000000"/>
  </frame>
  <frame idx="200" w="365" h="230" x="-32.486938" y="-15.540413">
   <element name="images" layername="images" frame="4" z_index="8" m_a="1.000000" m_b="0.000000" m_c="0.000000" m_d="1.000000" m_tx="0.000000" m_ty="0.000000"/>
  </frame>
  <frame idx="225" w="365" h="230" x="-32.486938" y="-15.540413">
   <element name="images" layername="images" frame="4" z_index="8" m_a="1.000000" m_b="0.000000" m_c="0.000000" m_d="1.000000" m_tx="0.000000" m_ty="0.000000"/>
  </frame>
  <frame idx="250" w="365" h="230" x="-32.486938" y="-15.540413">
   <element name="images" layername="images" frame="4" z_index="8" m_a="1.000000" m_b="0.000000" m_c="0.000000" m_d="1.000000" m_tx="0.000000" m_ty="0.000000"/>
  </frame>
  <frame idx="275" w="365" h="230" x="-32.486938" y="-15.540413">
   <element name="images" layername="images" frame="4" z_index="8" m_a="1.000000" m_b="0.000000" m_c="0.000000" m_d="1.000000" m_tx="0.000000" m_ty="0.000000"/>
  </frame>
  <frame idx="300" w="365" h="230" x="-32.486938" y="-15.540413">
   <element name="images" layername="images" frame="4" z_index="8" m_a="1.000000" m_b="0.000000" m_c="0.000000" m_d="1.000000" m_tx="0.000000" m_ty="0.000000"/>
  </frame>
  <frame idx="325" w="365" h="230" x="-32.486938" y="-15.540413">
   <element name="images" layername="images" frame="4" z_index="8" m_a="1.000000" m_b="0.000000" m_c="0.000000" m_d="1.000000" m_tx="0.000000" m_ty="0.000000"/>
  </frame>
  <frame idx="350" w="365" h="230" x="-32.486938" y="-15.540413">
   <element name="images" layername="images" frame="4" z_index="8" m_a="1.000000" m_b="0.000000" m_c="0.000000" m_d="1.000000" m_tx="0.000000" m_ty="0.000000"/>
  </frame>
  <frame idx="375" w="365" h="230" x="-32.486938" y="-15.540413">
   <element name="images" layername="images" frame="4" z_index="8" m_a="1.000000" m_b="0.000000" m_c="0.000000" m_d="1.000000" m_tx="0.000000" m_ty="0.000000"/>
  </frame>
  <frame idx="400" w="365" h="230" x="-32.486938" y="-15.540413">
   <element name="images" layername="images" frame="4" z_index="8" m_a="1.000000" m_b="0.000000" m_c="0.000000" m_d="1.000000" m_tx="0.000000" m_ty="0.000000"/>
  </frame>
  <frame idx="425" w="365" h="230" x="-32.486938" y="-15.540413">
   <element name="images" layername="images" frame="4" z_index="8" m_a="1.000000" m_b="0.000000" m_c="0.000000" m_d="1.000000" m_tx="0.000000" m_ty="0.000000"/>
  </frame>
  <frame idx="450" w="365" h="230" x="-32.486938" y="-15.540413">
   <element name="images" layername="images" frame="4" z_index="8" m_a="1.000000" m_b="0.000000" m_c="0.000000" m_d="1.000000" m_tx="0.000000" m_ty="0.000000"/>
  </frame>
  <frame idx="475" w="365" h="230" x="-32.486938" y="-15.540413">
   <element name="images" layername="images" frame="4" z_index="8" m_a="1.000000" m_b="0.000000" m_c="0.000000" m_d="1.000000" m_tx="0.000000" m_ty="0.000000"/>
  </frame>
  <frame idx="500" w="365" h="230" x="-32.486938" y="-15.540413">
   <element name="images" layername="images" frame="4" z_index="8" m_a="1.000000" m_b="0.000000" m_c="0.000000" m_d="1.000000" m_tx="0.000000" m_ty="0.000000"/>
  </frame>
  <frame idx="525" w="365" h="230" x="-32.486938" y="-15.540413">
   <element name="images" layername="images" frame="4" z_index="8" m_a="1.000000" m_b="0.000000" m_c="0.000000" m_d="1.000000" m_tx="0.000000" m_ty="0.000000"/>
  </frame>
  <frame idx="550" w="365" h="230" x="-32.486938" y="-15.540413">
   <element name="images" layername="images" frame="4" z_index="8" m_a="1.000000" m_b="0.000000" m_c="0.000000" m_d="1.000000" m_tx="0.000000" m_ty="0.000000"/>
  </frame>
  <frame idx="575" w="365" h="230" x="-32.486938" y="-15.540413">
   <element name="images" layername="images" frame="4" z_index="8" m_a="1.000000" m_b="0.000000" m_c="0.000000" m_d="1.000000" m_tx="0.000000" m_ty="0.000000"/>
  </frame>
  <frame idx="600" w="365" h="230" x="-32.486938" y="-15.540413">
   <element name="images" layername="images" frame="4" z_index="8" m_a="1.000000" m_b="0.000000" m_c="0.000000" m_d="1.000000" m_tx="0.000000" m_ty="0.000000"/>
  </frame>
  <frame idx="625" w="365" h="230" x="-32.486938" y="-15.540413">
   <element name="images" layername="images" frame="4" z_index="8" m_a="1.000000" m_b="0.000000" m_c="0.000000" m_d="1.000000" m_tx="0.000000" m_ty="0.000000"/>
  </frame>
  <frame idx="650" w="365" h="230" x="-32.486938" y="-15.540413">
   <element name="images" layername="images" frame="4" z_index="8" m_a="1.000000" m_b="0.000000" m_c="0.000000" m_d="1.000000" m_tx="0.000000" m_ty="0.000000"/>
  </frame>
  <frame idx="675" w="365" h="230" x="-32.486938" y="-15.540413">
   <element name="images" layername="images" frame="4" z_index="8" m_a="1.000000" m_b="0.000000" m_c="0.000000" m_d="1.000000" m_tx="0.000000" m_ty="0.000000"/>
  </frame>
  <frame idx="700" w="365" h="230" x="-32.486938" y="-15.540413">
   <element name="images" layername="images" frame="4" z_index="8" m_a="1.000000" m_b="0.000000" m_c="0.000000" m_d="1.000000" m_tx="0.000000" m_ty="0.000000"/>
  </frame>
  <frame idx="725" w="365" h="230" x="-32.486938" y="-15.540413">
   <element name="images" layername="images" frame="4" z_index="8" m_a="1.000000" m_b="0.000000" m_c="0.000000" m_d="1.000000" m_tx="0.000000" m_ty="0.000000"/>
  </frame>
  <frame idx="750" w="365" h="230" x="-32.486938" y="-15.540413">
   <element name="images" layername="images" frame="4" z_index="8" m_a="1.000000" m_b="0.000000" m_c="0.000000" m_d="1.000000" m_tx="0.000000" m_ty="0.000000"/>
  </frame>
  <frame idx="775" w="365" h="230" x="-32.486938" y="-15.540413">
   <element name="images" layername="images" frame="4" z_index="8" m_a="1.000000" m_b="0.000000" m_c="0.000000" m_d="1.000000" m_tx="0.000000" m_ty="0.000000"/>
  </frame>
  <frame idx="800" w="365" h="230" x="-32.486938" y="-15.540413">
   <element name="images" layername="images" frame="4" z_index="8" m_a="1.000000" m_b="0.000000" m_c="0.000000" m_d="1.000000" m_tx="0.000000" m_ty="0.000000"/>
  </frame>
  <frame idx="825" w="365" h="230" x="-32.486938" y="-15.540413">
   <element name="images" layername="images" frame="4" z_index="8" m_a="1.000000" m_b="0.000000" m_c="0.000000" m_d="1.000000" m_tx="0.000000" m_ty="0.000000"/>
  </frame>
  <frame idx="850" w="365" h="230" x="-32.486938" y="-15.540413">
   <element name="images" layername="images" frame="4" z_index="8" m_a="1.000000" m_b="0.000000" m_c="0.000000" m_d="1.000000" m_tx="0.000000" m_ty="0.000000"/>
  </frame>
  <frame idx="875" w="365" h="230" x="-32.486938" y="-15.540413">
   <element name="images" layername="images" frame="4" z_index="8" m_a="1.000000" m_b="0.000000" m_c="0.000000" m_d="1.000000" m_tx="0.000000" m_ty="0.000000"/>
  </frame>
  <frame idx="900" w="365" h="230" x="-32.486938" y="-15.540413">
   <element name="images" layername="images" frame="4" z_index="8" m_a="1.000000" m_b="0.000000" m_c="0.000000" m_d="1.000000" m_tx="0.000000" m_ty="0.000000"/>
  </frame>
  <frame idx="925" w="365" h="230" x="-32.486938" y="-15.540413">
   <element name="images" layername="images" frame="4" z_index="8" m_a="1.000000" m_b="0.000000" m_c="0.000000" m_d="1.000000" m_tx="0.000000" m_ty="0.000000"/>
  </frame>
  <frame idx="950" w="365" h="230" x="-32.486938" y="-15.540413">
   <element name="images" layername="images" frame="4" z_index="8" m_a="1.000000" m_b="0.000000" m_c="0.000000" m_d="1.000000" m_tx="0.000000" m_ty="0.000000"/>
  </frame>
  <frame idx="975" w="365" h="230" x="-32.486938" y="-15.540413">
   <element name="images" layername="images" frame="4" z_index="8" m_a="1.000000" m_b="0.000000" m_c="0.000000" m_d="1.000000" m_tx="0.000000" m_ty="0.000000"/>
  </frame>
 </anim>
</Anims>
