<Anims>
 <anim name="BUILD_90s" root="fightstick" numframes="1000" framerate="40">
  <frame idx="0" w="360" h="509" x="-21.999949" y="-157.499985">
   <element name="fightstick" layername="fightstick" frame="0" z_index="1" m_a="1.000000" m_b="0.000000" m_c="0.000000" m_d="1.000000" m_tx="4.313360" m_ty="-0.739292"/>
  </frame>
  <frame idx="25" w="360" h="509" x="-21.999949" y="-157.499985">
   <element name="fightstick" layername="fightstick" frame="0" z_index="1" m_a="1.000000" m_b="0.000000" m_c="0.000000" m_d="1.000000" m_tx="4.313360" m_ty="-0.739292"/>
  </frame>
  <frame idx="50" w="360" h="509" x="-21.999949" y="-157.499985">
   <element name="fightstick" layername="fightstick" frame="0" z_index="1" m_a="1.000000" m_b="0.000000" m_c="0.000000" m_d="1.000000" m_tx="4.313360" m_ty="-0.739292"/>
  </frame>
  <frame idx="75" w="360" h="509" x="-21.999949" y="-157.499985">
   <element name="fightstick" layername="fightstick" frame="0" z_index="1" m_a="1.000000" m_b="0.000000" m_c="0.000000" m_d="1.000000" m_tx="4.313360" m_ty="-0.739292"/>
  </frame>
  <frame idx="100" w="360" h="509" x="-21.999949" y="-157.499985">
   <element name="fightstick" layername="fightstick" frame="0" z_index="1" m_a="1.000000" m_b="0.000000" m_c="0.000000" m_d="1.000000" m_tx="4.313360" m_ty="-0.739292"/>
  </frame>
  <frame idx="125" w="360" h="509" x="-21.999949" y="-157.499985">
   <element name="fightstick" layername="fightstick" frame="0" z_index="1" m_a="1.000000" m_b="0.000000" m_c="0.000000" m_d="1.000000" m_tx="4.313360" m_ty="-0.739292"/>
  </frame>
  <frame idx="150" w="360" h="509" x="-21.999949" y="-157.499985">
   <element name="fightstick" layername="fightstick" frame="0" z_index="1" m_a="1.000000" m_b="0.000000" m_c="0.000000" m_d="1.000000" m_tx="4.313360" m_ty="-0.739292"/>
  </frame>
  <frame idx="175" w="360" h="509" x="-21.999949" y="-157.499985">
   <element name="fightstick" layername="fightstick" frame="0" z_index="1" m_a="1.000000" m_b="0.000000" m_c="0.000000" m_d="1.000000" m_tx="4.313360" m_ty="-0.739292"/>
  </frame>
  <frame idx="200" w="360" h="509" x="-21.999949" y="-157.499985">
   <element name="fightstick" layername="fightstick" frame="0" z_index="1" m_a="1.000000" m_b="0.000000" m_c="0.000000" m_d="1.000000" m_tx="4.313360" m_ty="-0.739292"/>
  </frame>
  <frame idx="225" w="360" h="509" x="-21.999949" y="-157.499985">
   <element name="fightstick" layername="fightstick" frame="0" z_index="1" m_a="1.000000" m_b="0.000000" m_c="0.000000" m_d="1.000000" m_tx="4.313360" m_ty="-0.739292"/>
  </frame>
  <frame idx="250" w="360" h="509" x="-21.999949" y="-157.499985">
   <element name="fightstick" layername="fightstick" frame="0" z_index="1" m_a="1.000000" m_b="0.000000" m_c="0.000000" m_d="1.000000" m_tx="4.313360" m_ty="-0.739292"/>
  </frame>
  <frame idx="275" w="360" h="509" x="-21.999949" y="-157.499985">
   <element name="fightstick" layername="fightstick" frame="0" z_index="1" m_a="1.000000" m_b="0.000000" m_c="0.000000" m_d="1.000000" m_tx="4.313360" m_ty="-0.739292"/>
  </frame>
  <frame idx="300" w="360" h="509" x="-21.999949" y="-157.499985">
   <element name="fightstick" layername="fightstick" frame="0" z_index="1" m_a="1.000000" m_b="0.000000" m_c="0.000000" m_d="1.000000" m_tx="4.313360" m_ty="-0.739292"/>
  </frame>
  <frame idx="325" w="360" h="509" x="-21.999949" y="-157.499985">
   <element name="fightstick" layername="fightstick" frame="0" z_index="1" m_a="1.000000" m_b="0.000000" m_c="0.000000" m_d="1.000000" m_tx="4.313360" m_ty="-0.739292"/>
  </frame>
  <frame idx="350" w="360" h="509" x="-21.999949" y="-157.499985">
   <element name="fightstick" layername="fightstick" frame="0" z_index="1" m_a="1.000000" m_b="0.000000" m_c="0.000000" m_d="1.000000" m_tx="4.313360" m_ty="-0.739292"/>
  </frame>
  <frame idx="375" w="360" h="509" x="-21.999949" y="-157.499985">
   <element name="fightstick" layername="fightstick" frame="0" z_index="1" m_a="1.000000" m_b="0.000000" m_c="0.000000" m_d="1.000000" m_tx="4.313360" m_ty="-0.739292"/>
  </frame>
  <frame idx="400" w="360" h="509" x="-21.999949" y="-157.499985">
   <element name="fightstick" layername="fightstick" frame="0" z_index="1" m_a="1.000000" m_b="0.000000" m_c="0.000000" m_d="1.000000" m_tx="4.313360" m_ty="-0.739292"/>
  </frame>
  <frame idx="425" w="360" h="509" x="-21.999949" y="-157.499985">
   <element name="fightstick" layername="fightstick" frame="0" z_index="1" m_a="1.000000" m_b="0.000000" m_c="0.000000" m_d="1.000000" m_tx="4.313360" m_ty="-0.739292"/>
  </frame>
  <frame idx="450" w="360" h="509" x="-21.999949" y="-157.499985">
   <element name="fightstick" layername="fightstick" frame="0" z_index="1" m_a="1.000000" m_b="0.000000" m_c="0.000000" m_d="1.000000" m_tx="4.313360" m_ty="-0.739292"/>
  </frame>
  <frame idx="475" w="360" h="509" x="-21.999949" y="-157.499985">
   <element name="fightstick" layername="fightstick" frame="0" z_index="1" m_a="1.000000" m_b="0.000000" m_c="0.000000" m_d="1.000000" m_tx="4.313360" m_ty="-0.739292"/>
  </frame>
  <frame idx="500" w="360" h="509" x="-21.999949" y="-157.499985">
   <element name="fightstick" layername="fightstick" frame="0" z_index="1" m_a="1.000000" m_b="0.000000" m_c="0.000000" m_d="1.000000" m_tx="4.313360" m_ty="-0.739292"/>
  </frame>
  <frame idx="525" w="360" h="509" x="-21.999949" y="-157.499985">
   <element name="fightstick" layername="fightstick" frame="0" z_index="1" m_a="1.000000" m_b="0.000000" m_c="0.000000" m_d="1.000000" m_tx="4.313360" m_ty="-0.739292"/>
  </frame>
  <frame idx="550" w="360" h="509" x="-21.999949" y="-157.499985">
   <element name="fightstick" layername="fightstick" frame="0" z_index="1" m_a="1.000000" m_b="0.000000" m_c="0.000000" m_d="1.000000" m_tx="4.313360" m_ty="-0.739292"/>
  </frame>
  <frame idx="575" w="360" h="509" x="-21.999949" y="-157.499985">
   <element name="fightstick" layername="fightstick" frame="0" z_index="1" m_a="1.000000" m_b="0.000000" m_c="0.000000" m_d="1.000000" m_tx="4.313360" m_ty="-0.739292"/>
  </frame>
  <frame idx="600" w="360" h="509" x="-21.999949" y="-157.499985">
   <element name="fightstick" layername="fightstick" frame="0" z_index="1" m_a="1.000000" m_b="0.000000" m_c="0.000000" m_d="1.000000" m_tx="4.313360" m_ty="-0.739292"/>
  </frame>
  <frame idx="625" w="360" h="509" x="-21.999949" y="-157.499985">
   <element name="fightstick" layername="fightstick" frame="0" z_index="1" m_a="1.000000" m_b="0.000000" m_c="0.000000" m_d="1.000000" m_tx="4.313360" m_ty="-0.739292"/>
  </frame>
  <frame idx="650" w="360" h="509" x="-21.999949" y="-157.499985">
   <element name="fightstick" layername="fightstick" frame="0" z_index="1" m_a="1.000000" m_b="0.000000" m_c="0.000000" m_d="1.000000" m_tx="4.313360" m_ty="-0.739292"/>
  </frame>
  <frame idx="675" w="360" h="509" x="-21.999949" y="-157.499985">
   <element name="fightstick" layername="fightstick" frame="0" z_index="1" m_a="1.000000" m_b="0.000000" m_c="0.000000" m_d="1.000000" m_tx="4.313360" m_ty="-0.739292"/>
  </frame>
  <frame idx="700" w="360" h="509" x="-21.999949" y="-157.499985">
   <element name="fightstick" layername="fightstick" frame="0" z_index="1" m_a="1.000000" m_b="0.000000" m_c="0.000000" m_d="1.000000" m_tx="4.313360" m_ty="-0.739292"/>
  </frame>
  <frame idx="725" w="360" h="509" x="-21.999949" y="-157.499985">
   <element name="fightstick" layername="fightstick" frame="0" z_index="1" m_a="1.000000" m_b="0.000000" m_c="0.000000" m_d="1.000000" m_tx="4.313360" m_ty="-0.739292"/>
  </frame>
  <frame idx="750" w="360" h="509" x="-21.999949" y="-157.499985">
   <element name="fightstick" layername="fightstick" frame="0" z_index="1" m_a="1.000000" m_b="0.000000" m_c="0.000000" m_d="1.000000" m_tx="4.313360" m_ty="-0.739292"/>
  </frame>
  <frame idx="775" w="360" h="509" x="-21.999949" y="-157.499985">
   <element name="fightstick" layername="fightstick" frame="0" z_index="1" m_a="1.000000" m_b="0.000000" m_c="0.000000" m_d="1.000000" m_tx="4.313360" m_ty="-0.739292"/>
  </frame>
  <frame idx="800" w="360" h="509" x="-21.999949" y="-157.499985">
   <element name="fightstick" layername="fightstick" frame="0" z_index="1" m_a="1.000000" m_b="0.000000" m_c="0.000000" m_d="1.000000" m_tx="4.313360" m_ty="-0.739292"/>
  </frame>
  <frame idx="825" w="360" h="509" x="-21.999949" y="-157.499985">
   <element name="fightstick" layername="fightstick" frame="0" z_index="1" m_a="1.000000" m_b="0.000000" m_c="0.000000" m_d="1.000000" m_tx="4.313360" m_ty="-0.739292"/>
  </frame>
  <frame idx="850" w="360" h="509" x="-21.999949" y="-157.499985">
   <element name="fightstick" layername="fightstick" frame="0" z_index="1" m_a="1.000000" m_b="0.000000" m_c="0.000000" m_d="1.000000" m_tx="4.313360" m_ty="-0.739292"/>
  </frame>
  <frame idx="875" w="360" h="509" x="-21.999949" y="-157.499985">
   <element name="fightstick" layername="fightstick" frame="0" z_index="1" m_a="1.000000" m_b="0.000000" m_c="0.000000" m_d="1.000000" m_tx="4.313360" m_ty="-0.739292"/>
  </frame>
  <frame idx="900" w="360" h="509" x="-21.999949" y="-157.499985">
   <element name="fightstick" layername="fightstick" frame="0" z_index="1" m_a="1.000000" m_b="0.000000" m_c="0.000000" m_d="1.000000" m_tx="4.313360" m_ty="-0.739292"/>
  </frame>
  <frame idx="925" w="360" h="509" x="-21.999949" y="-157.499985">
   <element name="fightstick" layername="fightstick" frame="0" z_index="1" m_a="1.000000" m_b="0.000000" m_c="0.000000" m_d="1.000000" m_tx="4.313360" m_ty="-0.739292"/>
  </frame>
  <frame idx="950" w="360" h="509" x="-21.999949" y="-157.499985">
   <element name="fightstick" layername="fightstick" frame="0" z_index="1" m_a="1.000000" m_b="0.000000" m_c="0.000000" m_d="1.000000" m_tx="4.313360" m_ty="-0.739292"/>
  </frame>
  <frame idx="975" w="360" h="509" x="-21.999949" y="-157.499985">
   <element name="fightstick" layername="fightstick" frame="0" z_index="1" m_a="1.000000" m_b="0.000000" m_c="0.000000" m_d="1.000000" m_tx="4.313360" m_ty="-0.739292"/>
  </frame>
 </anim>
 <anim name="idle_90s" root="fightstick" numframes="1000" framerate="40">
  <frame idx="0" w="260" h="239" x="-186.092407" y="-334.218964">
   <element name="fightstick" layername="fightstick" frame="0" z_index="1" m_a="-0.968191" m_b="-0.250211" m_c="0.250211" m_d="-0.968191" m_tx="83.460403" m_ty="-225.464005"/>
  </frame>
  <frame idx="25" w="260" h="239" x="-186.092407" y="-334.218964">
   <element name="fightstick" layername="fightstick" frame="0" z_index="1" m_a="-0.968191" m_b="-0.250211" m_c="0.250211" m_d="-0.968191" m_tx="83.460403" m_ty="-225.464005"/>
  </frame>
  <frame idx="50" w="260" h="239" x="-186.092407" y="-334.218964">
   <element name="fightstick" layername="fightstick" frame="0" z_index="1" m_a="-0.968191" m_b="-0.250211" m_c="0.250211" m_d="-0.968191" m_tx="83.460403" m_ty="-225.464005"/>
  </frame>
  <frame idx="75" w="260" h="239" x="-186.092407" y="-334.218964">
   <element name="fightstick" layername="fightstick" frame="0" z_index="1" m_a="-0.968191" m_b="-0.250211" m_c="0.250211" m_d="-0.968191" m_tx="83.460403" m_ty="-225.464005"/>
  </frame>
  <frame idx="100" w="260" h="239" x="-186.092407" y="-334.218964">
   <element name="fightstick" layername="fightstick" frame="0" z_index="1" m_a="-0.968191" m_b="-0.250211" m_c="0.250211" m_d="-0.968191" m_tx="83.460403" m_ty="-225.464005"/>
  </frame>
  <frame idx="125" w="260" h="239" x="-186.092407" y="-334.218964">
   <element name="fightstick" layername="fightstick" frame="0" z_index="1" m_a="-0.968191" m_b="-0.250211" m_c="0.250211" m_d="-0.968191" m_tx="83.460403" m_ty="-225.464005"/>
  </frame>
  <frame idx="150" w="260" h="239" x="-186.092407" y="-334.218964">
   <element name="fightstick" layername="fightstick" frame="0" z_index="1" m_a="-0.968191" m_b="-0.250211" m_c="0.250211" m_d="-0.968191" m_tx="83.460403" m_ty="-225.464005"/>
  </frame>
  <frame idx="175" w="260" h="239" x="-186.092407" y="-334.218964">
   <element name="fightstick" layername="fightstick" frame="0" z_index="1" m_a="-0.968191" m_b="-0.250211" m_c="0.250211" m_d="-0.968191" m_tx="83.460403" m_ty="-225.464005"/>
  </frame>
  <frame idx="200" w="260" h="239" x="-186.092407" y="-334.218964">
   <element name="fightstick" layername="fightstick" frame="0" z_index="1" m_a="-0.968191" m_b="-0.250211" m_c="0.250211" m_d="-0.968191" m_tx="83.460403" m_ty="-225.464005"/>
  </frame>
  <frame idx="225" w="260" h="239" x="-186.092407" y="-334.218964">
   <element name="fightstick" layername="fightstick" frame="0" z_index="1" m_a="-0.968191" m_b="-0.250211" m_c="0.250211" m_d="-0.968191" m_tx="83.460403" m_ty="-225.464005"/>
  </frame>
  <frame idx="250" w="260" h="239" x="-186.092407" y="-334.218964">
   <element name="fightstick" layername="fightstick" frame="0" z_index="1" m_a="-0.968191" m_b="-0.250211" m_c="0.250211" m_d="-0.968191" m_tx="83.460403" m_ty="-225.464005"/>
  </frame>
  <frame idx="275" w="260" h="239" x="-186.092407" y="-334.218964">
   <element name="fightstick" layername="fightstick" frame="0" z_index="1" m_a="-0.968191" m_b="-0.250211" m_c="0.250211" m_d="-0.968191" m_tx="83.460403" m_ty="-225.464005"/>
  </frame>
  <frame idx="300" w="260" h="239" x="-186.092407" y="-334.218964">
   <element name="fightstick" layername="fightstick" frame="0" z_index="1" m_a="-0.968191" m_b="-0.250211" m_c="0.250211" m_d="-0.968191" m_tx="83.460403" m_ty="-225.464005"/>
  </frame>
  <frame idx="325" w="260" h="239" x="-186.092407" y="-334.218964">
   <element name="fightstick" layername="fightstick" frame="0" z_index="1" m_a="-0.968191" m_b="-0.250211" m_c="0.250211" m_d="-0.968191" m_tx="83.460403" m_ty="-225.464005"/>
  </frame>
  <frame idx="350" w="260" h="239" x="-186.092407" y="-334.218964">
   <element name="fightstick" layername="fightstick" frame="0" z_index="1" m_a="-0.968191" m_b="-0.250211" m_c="0.250211" m_d="-0.968191" m_tx="83.460403" m_ty="-225.464005"/>
  </frame>
  <frame idx="375" w="260" h="239" x="-186.092407" y="-334.218964">
   <element name="fightstick" layername="fightstick" frame="0" z_index="1" m_a="-0.968191" m_b="-0.250211" m_c="0.250211" m_d="-0.968191" m_tx="83.460403" m_ty="-225.464005"/>
  </frame>
  <frame idx="400" w="260" h="239" x="-186.092407" y="-334.218964">
   <element name="fightstick" layername="fightstick" frame="0" z_index="1" m_a="-0.968191" m_b="-0.250211" m_c="0.250211" m_d="-0.968191" m_tx="83.460403" m_ty="-225.464005"/>
  </frame>
  <frame idx="425" w="260" h="239" x="-186.092407" y="-334.218964">
   <element name="fightstick" layername="fightstick" frame="0" z_index="1" m_a="-0.968191" m_b="-0.250211" m_c="0.250211" m_d="-0.968191" m_tx="83.460403" m_ty="-225.464005"/>
  </frame>
  <frame idx="450" w="260" h="239" x="-186.092407" y="-334.218964">
   <element name="fightstick" layername="fightstick" frame="0" z_index="1" m_a="-0.968191" m_b="-0.250211" m_c="0.250211" m_d="-0.968191" m_tx="83.460403" m_ty="-225.464005"/>
  </frame>
  <frame idx="475" w="260" h="239" x="-186.092407" y="-334.218964">
   <element name="fightstick" layername="fightstick" frame="0" z_index="1" m_a="-0.968191" m_b="-0.250211" m_c="0.250211" m_d="-0.968191" m_tx="83.460403" m_ty="-225.464005"/>
  </frame>
  <frame idx="500" w="260" h="239" x="-186.092407" y="-334.218964">
   <element name="fightstick" layername="fightstick" frame="0" z_index="1" m_a="-0.968191" m_b="-0.250211" m_c="0.250211" m_d="-0.968191" m_tx="83.460403" m_ty="-225.464005"/>
  </frame>
  <frame idx="525" w="260" h="239" x="-186.092407" y="-334.218964">
   <element name="fightstick" layername="fightstick" frame="0" z_index="1" m_a="-0.968191" m_b="-0.250211" m_c="0.250211" m_d="-0.968191" m_tx="83.460403" m_ty="-225.464005"/>
  </frame>
  <frame idx="550" w="260" h="239" x="-186.092407" y="-334.218964">
   <element name="fightstick" layername="fightstick" frame="0" z_index="1" m_a="-0.968191" m_b="-0.250211" m_c="0.250211" m_d="-0.968191" m_tx="83.460403" m_ty="-225.464005"/>
  </frame>
  <frame idx="575" w="260" h="239" x="-186.092407" y="-334.218964">
   <element name="fightstick" layername="fightstick" frame="0" z_index="1" m_a="-0.968191" m_b="-0.250211" m_c="0.250211" m_d="-0.968191" m_tx="83.460403" m_ty="-225.464005"/>
  </frame>
  <frame idx="600" w="260" h="239" x="-186.092407" y="-334.218964">
   <element name="fightstick" layername="fightstick" frame="0" z_index="1" m_a="-0.968191" m_b="-0.250211" m_c="0.250211" m_d="-0.968191" m_tx="83.460403" m_ty="-225.464005"/>
  </frame>
  <frame idx="625" w="260" h="239" x="-186.092407" y="-334.218964">
   <element name="fightstick" layername="fightstick" frame="0" z_index="1" m_a="-0.968191" m_b="-0.250211" m_c="0.250211" m_d="-0.968191" m_tx="83.460403" m_ty="-225.464005"/>
  </frame>
  <frame idx="650" w="260" h="239" x="-186.092407" y="-334.218964">
   <element name="fightstick" layername="fightstick" frame="0" z_index="1" m_a="-0.968191" m_b="-0.250211" m_c="0.250211" m_d="-0.968191" m_tx="83.460403" m_ty="-225.464005"/>
  </frame>
  <frame idx="675" w="260" h="239" x="-186.092407" y="-334.218964">
   <element name="fightstick" layername="fightstick" frame="0" z_index="1" m_a="-0.968191" m_b="-0.250211" m_c="0.250211" m_d="-0.968191" m_tx="83.460403" m_ty="-225.464005"/>
  </frame>
  <frame idx="700" w="260" h="239" x="-186.092407" y="-334.218964">
   <element name="fightstick" layername="fightstick" frame="0" z_index="1" m_a="-0.968191" m_b="-0.250211" m_c="0.250211" m_d="-0.968191" m_tx="83.460403" m_ty="-225.464005"/>
  </frame>
  <frame idx="725" w="260" h="239" x="-186.092407" y="-334.218964">
   <element name="fightstick" layername="fightstick" frame="0" z_index="1" m_a="-0.968191" m_b="-0.250211" m_c="0.250211" m_d="-0.968191" m_tx="83.460403" m_ty="-225.464005"/>
  </frame>
  <frame idx="750" w="260" h="239" x="-186.092407" y="-334.218964">
   <element name="fightstick" layername="fightstick" frame="0" z_index="1" m_a="-0.968191" m_b="-0.250211" m_c="0.250211" m_d="-0.968191" m_tx="83.460403" m_ty="-225.464005"/>
  </frame>
  <frame idx="775" w="260" h="239" x="-186.092407" y="-334.218964">
   <element name="fightstick" layername="fightstick" frame="0" z_index="1" m_a="-0.968191" m_b="-0.250211" m_c="0.250211" m_d="-0.968191" m_tx="83.460403" m_ty="-225.464005"/>
  </frame>
  <frame idx="800" w="260" h="239" x="-186.092407" y="-334.218964">
   <element name="fightstick" layername="fightstick" frame="0" z_index="1" m_a="-0.968191" m_b="-0.250211" m_c="0.250211" m_d="-0.968191" m_tx="83.460403" m_ty="-225.464005"/>
  </frame>
  <frame idx="825" w="260" h="239" x="-186.092407" y="-334.218964">
   <element name="fightstick" layername="fightstick" frame="0" z_index="1" m_a="-0.968191" m_b="-0.250211" m_c="0.250211" m_d="-0.968191" m_tx="83.460403" m_ty="-225.464005"/>
  </frame>
  <frame idx="850" w="260" h="239" x="-186.092407" y="-334.218964">
   <element name="fightstick" layername="fightstick" frame="0" z_index="1" m_a="-0.968191" m_b="-0.250211" m_c="0.250211" m_d="-0.968191" m_tx="83.460403" m_ty="-225.464005"/>
  </frame>
  <frame idx="875" w="260" h="239" x="-186.092407" y="-334.218964">
   <element name="fightstick" layername="fightstick" frame="0" z_index="1" m_a="-0.968191" m_b="-0.250211" m_c="0.250211" m_d="-0.968191" m_tx="83.460403" m_ty="-225.464005"/>
  </frame>
  <frame idx="900" w="260" h="239" x="-186.092407" y="-334.218964">
   <element name="fightstick" layername="fightstick" frame="0" z_index="1" m_a="-0.968191" m_b="-0.250211" m_c="0.250211" m_d="-0.968191" m_tx="83.460403" m_ty="-225.464005"/>
  </frame>
  <frame idx="925" w="260" h="239" x="-186.092407" y="-334.218964">
   <element name="fightstick" layername="fightstick" frame="0" z_index="1" m_a="-0.968191" m_b="-0.250211" m_c="0.250211" m_d="-0.968191" m_tx="83.460403" m_ty="-225.464005"/>
  </frame>
  <frame idx="950" w="260" h="239" x="-186.092407" y="-334.218964">
   <element name="fightstick" layername="fightstick" frame="0" z_index="1" m_a="-0.968191" m_b="-0.250211" m_c="0.250211" m_d="-0.968191" m_tx="83.460403" m_ty="-225.464005"/>
  </frame>
  <frame idx="975" w="260" h="239" x="-186.092407" y="-334.218964">
   <element name="fightstick" layername="fightstick" frame="0" z_index="1" m_a="-0.968191" m_b="-0.250211" m_c="0.250211" m_d="-0.968191" m_tx="83.460403" m_ty="-225.464005"/>
  </frame>
 </anim>
</Anims>
